semana,dia,enfoque,fase_semana,bloque,ejercicio,series,reps_o_tiempo,,carga_sugerida,rpe_rir,tempo,descanso,objetivo,regla_tendon_24h,progresion,notas
1,D1 Push,Hipertrofia pecho/hombro + descarga tendón hombro/codo,"Base/analgesia: tempo lento, RIR 3-4, sin fallo",Tendón/activación,"Isométrico empuje mid-range (pared o barra, sin dolor)",3-5,30-45 s,,40-60% esfuerzo,dolor <=3/10,isométrico,60-90 s,Analgesia y tolerancia de tendón antes de empujar,Dolor permitido 0-3/10 durante; debe quedar igual o mejor a las 24h. Si >3/10 o peor mañana: baja 10-20% carga/volumen y acorta ROM.,"Cuando completes el tope de reps con RIR>=2 y regla 24h OK, sube 2.5 kg en básicos/máquinas o +1 rep por serie; accesorios +1-2 reps antes de subir peso.",Codo/hombro en posición cómoda; no busques temblor máximo.
1,D1 Push,Hipertrofia pecho/hombro + descarga tendón hombro/codo,"Base/analgesia: tempo lento, RIR 3-4, sin fallo",Principal,Incline bench press,4,8,,62.5,RIR 3-4,3-1-2,2-3 min,Hipertrofia y fuerza submáxima basada en 70x10/80x5,Dolor permitido 0-3/10 durante; debe quedar igual o mejor a las 24h. Si >3/10 o peor mañana: baja 10-20% carga/volumen y acorta ROM.,"Cuando completes el tope de reps con RIR>=2 y regla 24h OK, sube 2.5 kg en básicos/máquinas o +1 rep por serie; accesorios +1-2 reps antes de subir peso.","No fallo; barra siempre rápida. Si hombro se siente raro, usa agarre un poco más cerrado."
1,D1 Push,Hipertrofia pecho/hombro + descarga tendón hombro/codo,"Base/analgesia: tempo lento, RIR 3-4, sin fallo",Accesorio,Peck deck,3,12,,55,RIR 3,3-1-2,90-120 s,Volumen de pecho con baja demanda técnica,Dolor permitido 0-3/10 durante; debe quedar igual o mejor a las 24h. Si >3/10 o peor mañana: baja 10-20% carga/volumen y acorta ROM.,"Cuando completes el tope de reps con RIR>=2 y regla 24h OK, sube 2.5 kg en básicos/máquinas o +1 rep por serie; accesorios +1-2 reps antes de subir peso.",Mantén escápulas fijas; no estires agresivo abajo.
1,D1 Push,Hipertrofia pecho/hombro + descarga tendón hombro/codo,"Base/analgesia: tempo lento, RIR 3-4, sin fallo",Accesorio,Shoulder press,3,10,,32,RIR 3,3-1-2,2 min,Deltoide/press sin llegar al límite,Dolor permitido 0-3/10 durante; debe quedar igual o mejor a las 24h. Si >3/10 o peor mañana: baja 10-20% carga/volumen y acorta ROM.,"Cuando completes el tope de reps con RIR>=2 y regla 24h OK, sube 2.5 kg en básicos/máquinas o +1 rep por serie; accesorios +1-2 reps antes de subir peso.","Recorrido limpio; si molesta, cambia a mancuernas o landmine."
1,D1 Push,Hipertrofia pecho/hombro + descarga tendón hombro/codo,"Base/analgesia: tempo lento, RIR 3-4, sin fallo",Accesorio controlado,Dips,3,8,,BW,RIR 4,3-1-2,2 min,Mantener patrón sin irritar tendón anterior/hombro,Dolor permitido 0-3/10 durante; debe quedar igual o mejor a las 24h. Si >3/10 o peor mañana: baja 10-20% carga/volumen y acorta ROM.,"Cuando completes el tope de reps con RIR>=2 y regla 24h OK, sube 2.5 kg en básicos/máquinas o +1 rep por serie; accesorios +1-2 reps antes de subir peso.",Prohibido fallo las primeras 7 semanas; profundidad solo hasta donde no moleste.
1,D1 Push,Hipertrofia pecho/hombro + descarga tendón hombro/codo,"Base/analgesia: tempo lento, RIR 3-4, sin fallo",Prehab,Rotación externa banda/cable,3,15-20,,ligero,RIR 4,2-1-2,45-60 s,Manguito rotador y estabilidad escapular,Dolor permitido 0-3/10 durante; debe quedar igual o mejor a las 24h. Si >3/10 o peor mañana: baja 10-20% carga/volumen y acorta ROM.,"Cuando completes el tope de reps con RIR>=2 y regla 24h OK, sube 2.5 kg en básicos/máquinas o +1 rep por serie; accesorios +1-2 reps antes de subir peso.","Que queme músculo, no tendón/articulación."
1,D2 Pull,Hipertrofia espalda/bíceps + tolerancia tendón codo,"Base/analgesia: tempo lento, RIR 3-4, sin fallo",Tendón/activación,Isométrico curl martillo a 90°,3-5,30-45 s,,moderado,dolor <=3/10,isométrico,60-90 s,Preparar tendón de bíceps/antebrazo,Dolor permitido 0-3/10 durante; debe quedar igual o mejor a las 24h. Si >3/10 o peor mañana: baja 10-20% carga/volumen y acorta ROM.,"Cuando completes el tope de reps con RIR>=2 y regla 24h OK, sube 2.5 kg en básicos/máquinas o +1 rep por serie; accesorios +1-2 reps antes de subir peso.","Muñeca neutra; si se irrita, cambia por agarre pronado."
1,D2 Pull,Hipertrofia espalda/bíceps + tolerancia tendón codo,"Base/analgesia: tempo lento, RIR 3-4, sin fallo",Principal,Supine pull-up / dominada supina,4,8,,BW,RIR 3-4,3-1-2,2-3 min,Mantener fuerza con menos estrés que tus +40 kg pesados,Dolor permitido 0-3/10 durante; debe quedar igual o mejor a las 24h. Si >3/10 o peor mañana: baja 10-20% carga/volumen y acorta ROM.,"Cuando completes el tope de reps con RIR>=2 y regla 24h OK, sube 2.5 kg en básicos/máquinas o +1 rep por serie; accesorios +1-2 reps antes de subir peso.","Pecho hacia barra, bajada lenta; no busques fallo."
1,D2 Pull,Hipertrofia espalda/bíceps + tolerancia tendón codo,"Base/analgesia: tempo lento, RIR 3-4, sin fallo",Principal accesorio,Gironda row,3,12,,50,RIR 3,3-1-2,2 min,Volumen de dorsales/romboides basado en 54x10,Dolor permitido 0-3/10 durante; debe quedar igual o mejor a las 24h. Si >3/10 o peor mañana: baja 10-20% carga/volumen y acorta ROM.,"Cuando completes el tope de reps con RIR>=2 y regla 24h OK, sube 2.5 kg en básicos/máquinas o +1 rep por serie; accesorios +1-2 reps antes de subir peso.",Pausa 1s contraído; evita tirones.
1,D2 Pull,Hipertrofia espalda/bíceps + tolerancia tendón codo,"Base/analgesia: tempo lento, RIR 3-4, sin fallo",Control escapular,Scap pull-ups,3,10-12,,BW,RIR 4,2-1-2,60-90 s,Técnica de dominada y descarga de codo,Dolor permitido 0-3/10 durante; debe quedar igual o mejor a las 24h. Si >3/10 o peor mañana: baja 10-20% carga/volumen y acorta ROM.,"Cuando completes el tope de reps con RIR>=2 y regla 24h OK, sube 2.5 kg en básicos/máquinas o +1 rep por serie; accesorios +1-2 reps antes de subir peso.","Solo movimiento escapular, brazos largos."
1,D2 Pull,Hipertrofia espalda/bíceps + tolerancia tendón codo,"Base/analgesia: tempo lento, RIR 3-4, sin fallo",Accesorio tendón,Hammer curl slow,2-3,12-15,,ligero-moderado,RIR 3-4,3-1-3,60-90 s,Carga lenta para tendón de codo/bíceps,Dolor permitido 0-3/10 durante; debe quedar igual o mejor a las 24h. Si >3/10 o peor mañana: baja 10-20% carga/volumen y acorta ROM.,"Cuando completes el tope de reps con RIR>=2 y regla 24h OK, sube 2.5 kg en básicos/máquinas o +1 rep por serie; accesorios +1-2 reps antes de subir peso.",Sube peso solo si no hay dolor al día siguiente.
1,D2 Pull,Hipertrofia espalda/bíceps + tolerancia tendón codo,"Base/analgesia: tempo lento, RIR 3-4, sin fallo",Prehab,Face pull / rear delt,3,15-20,,ligero,RIR 4,2-1-2,60 s,Salud de hombro y postura,Dolor permitido 0-3/10 durante; debe quedar igual o mejor a las 24h. Si >3/10 o peor mañana: baja 10-20% carga/volumen y acorta ROM.,"Cuando completes el tope de reps con RIR>=2 y regla 24h OK, sube 2.5 kg en básicos/máquinas o +1 rep por serie; accesorios +1-2 reps antes de subir peso.",Codos altos sin dolor.
1,D3 Legs,Hipertrofia pierna + tendón rodilla/isquio,"Base/analgesia: tempo lento, RIR 3-4, sin fallo",Tendón/activación,Spanish squat o extensión isométrica,5,30-45 s,,moderado,dolor <=3/10,isométrico,60-90 s,Tolerancia de tendón rotuliano/cuádriceps,Dolor permitido 0-3/10 durante; debe quedar igual o mejor a las 24h. Si >3/10 o peor mañana: baja 10-20% carga/volumen y acorta ROM.,"Cuando completes el tope de reps con RIR>=2 y regla 24h OK, sube 2.5 kg en básicos/máquinas o +1 rep por serie; accesorios +1-2 reps antes de subir peso.","Ángulo cómodo; debe sentirse cuádriceps, no dolor punzante."
1,D3 Legs,Hipertrofia pierna + tendón rodilla/isquio,"Base/analgesia: tempo lento, RIR 3-4, sin fallo",Principal,Squat libre,4,8,,80-83,RIR 3-4,3-1-2,2-4 min,Hipertrofia/fuerza basada en 100x7,Dolor permitido 0-3/10 durante; debe quedar igual o mejor a las 24h. Si >3/10 o peor mañana: baja 10-20% carga/volumen y acorta ROM.,"Cuando completes el tope de reps con RIR>=2 y regla 24h OK, sube 2.5 kg en básicos/máquinas o +1 rep por serie; accesorios +1-2 reps antes de subir peso.","No grinder; si la espalda baja molesta, cambia a hack de la fila siguiente."
1,D3 Legs,Hipertrofia pierna + tendón rodilla/isquio,"Base/analgesia: tempo lento, RIR 3-4, sin fallo",Alternativa si no hay squat,Hack squat,3,10,,90-95,RIR 3,3-1-2,2-3 min,Mismo objetivo con más estabilidad,Dolor permitido 0-3/10 durante; debe quedar igual o mejor a las 24h. Si >3/10 o peor mañana: baja 10-20% carga/volumen y acorta ROM.,"Cuando completes el tope de reps con RIR>=2 y regla 24h OK, sube 2.5 kg en básicos/máquinas o +1 rep por serie; accesorios +1-2 reps antes de subir peso.",Usa esta fila solo si ese día no haces squat libre.
1,D3 Legs,Hipertrofia pierna + tendón rodilla/isquio,"Base/analgesia: tempo lento, RIR 3-4, sin fallo",Accesorio,Isquio sentado,3,12,,41-45,RIR 3,3-1-2,90-120 s,Isquios y protección de rodilla,Dolor permitido 0-3/10 durante; debe quedar igual o mejor a las 24h. Si >3/10 o peor mañana: baja 10-20% carga/volumen y acorta ROM.,"Cuando completes el tope de reps con RIR>=2 y regla 24h OK, sube 2.5 kg en básicos/máquinas o +1 rep por serie; accesorios +1-2 reps antes de subir peso.",Pausa 1s abajo/contraído.
1,D3 Legs,Hipertrofia pierna + tendón rodilla/isquio,"Base/analgesia: tempo lento, RIR 3-4, sin fallo",Accesorio tendón,Extensión de cuadriceps slow,3,12-15,,ligero-moderado,RIR 3,3-1-3,90 s,HSR ligero/moderado para tendón de rodilla,Dolor permitido 0-3/10 durante; debe quedar igual o mejor a las 24h. Si >3/10 o peor mañana: baja 10-20% carga/volumen y acorta ROM.,"Cuando completes el tope de reps con RIR>=2 y regla 24h OK, sube 2.5 kg en básicos/máquinas o +1 rep por serie; accesorios +1-2 reps antes de subir peso.",Rango sin dolor; no bloquear agresivo.
1,D3 Legs,Hipertrofia pierna + tendón rodilla/isquio,"Base/analgesia: tempo lento, RIR 3-4, sin fallo",Accesorio,Pantorrilla de pie o prensa,4,12-15,,15-25 kg o 25 lb+,RIR 2-3,3-1-2,60-90 s,Tendón Aquiles/pantorrilla e hipertrofia,Dolor permitido 0-3/10 durante; debe quedar igual o mejor a las 24h. Si >3/10 o peor mañana: baja 10-20% carga/volumen y acorta ROM.,"Cuando completes el tope de reps con RIR>=2 y regla 24h OK, sube 2.5 kg en básicos/máquinas o +1 rep por serie; accesorios +1-2 reps antes de subir peso.",Sube por reps antes de subir carga.
1,D3 Legs,Hipertrofia pierna + tendón rodilla/isquio,"Base/analgesia: tempo lento, RIR 3-4, sin fallo",Core,Plancha / dead bug,3,30-45 s,,BW,controlado,controlado,60 s,Estabilidad para sentadilla,Dolor permitido 0-3/10 durante; debe quedar igual o mejor a las 24h. Si >3/10 o peor mañana: baja 10-20% carga/volumen y acorta ROM.,"Cuando completes el tope de reps con RIR>=2 y regla 24h OK, sube 2.5 kg en básicos/máquinas o +1 rep por serie; accesorios +1-2 reps antes de subir peso.",Sin dolor lumbar.
1,D4 Skill/Shoulder,Skill hombro + hipertrofia ligera + recuperación tendinosa,"Base/analgesia: tempo lento, RIR 3-4, sin fallo",Skill controlado,Handstand lean,5,15 s,,BW,técnico,controlado,60-90 s,Tolerancia de muñeca/hombro sin fatiga excesiva,Dolor permitido 0-3/10 durante; debe quedar igual o mejor a las 24h. Si >3/10 o peor mañana: baja 10-20% carga/volumen y acorta ROM.,"Cuando completes el tope de reps con RIR>=2 y regla 24h OK, sube 2.5 kg en básicos/máquinas o +1 rep por serie; accesorios +1-2 reps antes de subir peso.",Corta serie antes de perder posición.
1,D4 Skill/Shoulder,Skill hombro + hipertrofia ligera + recuperación tendinosa,"Base/analgesia: tempo lento, RIR 3-4, sin fallo",Skill excéntrico,Negative lean,3,6,,BW,RIR 4,5 s negativa,60-90 s,Control excéntrico hombro/escápula,Dolor permitido 0-3/10 durante; debe quedar igual o mejor a las 24h. Si >3/10 o peor mañana: baja 10-20% carga/volumen y acorta ROM.,"Cuando completes el tope de reps con RIR>=2 y regla 24h OK, sube 2.5 kg en básicos/máquinas o +1 rep por serie; accesorios +1-2 reps antes de subir peso.",Bajada de 5s; cero rebotes.
1,D4 Skill/Shoulder,Skill hombro + hipertrofia ligera + recuperación tendinosa,"Base/analgesia: tempo lento, RIR 3-4, sin fallo",Técnica,Muscle-up en anillas - práctica,5,1 transición asistida,,banda/anillas bajas,RIR 5,controlado,2-3 min,Mantener habilidad sin irritar codo/hombro,Dolor permitido 0-3/10 durante; debe quedar igual o mejor a las 24h. Si >3/10 o peor mañana: baja 10-20% carga/volumen y acorta ROM.,"Cuando completes el tope de reps con RIR>=2 y regla 24h OK, sube 2.5 kg en básicos/máquinas o +1 rep por serie; accesorios +1-2 reps antes de subir peso.","No fallo. Si sientes tendón, cambia por transición en anillas bajas."
1,D4 Skill/Shoulder,Skill hombro + hipertrofia ligera + recuperación tendinosa,"Base/analgesia: tempo lento, RIR 3-4, sin fallo",Accesorio,Shoulder press ligero,3,12,,28-30,RIR 4,3-1-2,90-120 s,Volumen técnico adicional de hombro,Dolor permitido 0-3/10 durante; debe quedar igual o mejor a las 24h. Si >3/10 o peor mañana: baja 10-20% carga/volumen y acorta ROM.,"Cuando completes el tope de reps con RIR>=2 y regla 24h OK, sube 2.5 kg en básicos/máquinas o +1 rep por serie; accesorios +1-2 reps antes de subir peso.",Debe sentirse fácil y limpio.
1,D4 Skill/Shoulder,Skill hombro + hipertrofia ligera + recuperación tendinosa,"Base/analgesia: tempo lento, RIR 3-4, sin fallo",Accesorio,Elevación lateral,3,15-20,,ligero,RIR 3-4,2-1-2,60 s,Hipertrofia deltoide sin mucho estrés articular,Dolor permitido 0-3/10 durante; debe quedar igual o mejor a las 24h. Si >3/10 o peor mañana: baja 10-20% carga/volumen y acorta ROM.,"Cuando completes el tope de reps con RIR>=2 y regla 24h OK, sube 2.5 kg en básicos/máquinas o +1 rep por serie; accesorios +1-2 reps antes de subir peso.",No balancear.
1,D4 Skill/Shoulder,Skill hombro + hipertrofia ligera + recuperación tendinosa,"Base/analgesia: tempo lento, RIR 3-4, sin fallo",Prehab,YTWL / trap 3 raise,2-3,12-15,,muy ligero,RIR 4,2-1-2,45-60 s,Escápula y manguito rotador,Dolor permitido 0-3/10 durante; debe quedar igual o mejor a las 24h. Si >3/10 o peor mañana: baja 10-20% carga/volumen y acorta ROM.,"Cuando completes el tope de reps con RIR>=2 y regla 24h OK, sube 2.5 kg en básicos/máquinas o +1 rep por serie; accesorios +1-2 reps antes de subir peso.",Calidad > peso.
2,D1 Push,Hipertrofia pecho/hombro + descarga tendón hombro/codo,Base + volumen suave: +1-2 reps o +2.5 kg si 24h OK,Tendón/activación,"Isométrico empuje mid-range (pared o barra, sin dolor)",3-5,30-45 s,,40-60% esfuerzo,dolor <=3/10,isométrico,60-90 s,Analgesia y tolerancia de tendón antes de empujar,Dolor permitido 0-3/10 durante; debe quedar igual o mejor a las 24h. Si >3/10 o peor mañana: baja 10-20% carga/volumen y acorta ROM.,"Cuando completes el tope de reps con RIR>=2 y regla 24h OK, sube 2.5 kg en básicos/máquinas o +1 rep por serie; accesorios +1-2 reps antes de subir peso.",Codo/hombro en posición cómoda; no busques temblor máximo.
2,D1 Push,Hipertrofia pecho/hombro + descarga tendón hombro/codo,Base + volumen suave: +1-2 reps o +2.5 kg si 24h OK,Principal,Incline bench press,4,8-9,,65,RIR 3,3-1-2,2-3 min,Hipertrofia y fuerza submáxima basada en 70x10/80x5,Dolor permitido 0-3/10 durante; debe quedar igual o mejor a las 24h. Si >3/10 o peor mañana: baja 10-20% carga/volumen y acorta ROM.,"Cuando completes el tope de reps con RIR>=2 y regla 24h OK, sube 2.5 kg en básicos/máquinas o +1 rep por serie; accesorios +1-2 reps antes de subir peso.","No fallo; barra siempre rápida. Si hombro se siente raro, usa agarre un poco más cerrado."
2,D1 Push,Hipertrofia pecho/hombro + descarga tendón hombro/codo,Base + volumen suave: +1-2 reps o +2.5 kg si 24h OK,Accesorio,Peck deck,3,12,,57.5,RIR 3,3-1-2,90-120 s,Volumen de pecho con baja demanda técnica,Dolor permitido 0-3/10 durante; debe quedar igual o mejor a las 24h. Si >3/10 o peor mañana: baja 10-20% carga/volumen y acorta ROM.,"Cuando completes el tope de reps con RIR>=2 y regla 24h OK, sube 2.5 kg en básicos/máquinas o +1 rep por serie; accesorios +1-2 reps antes de subir peso.",Mantén escápulas fijas; no estires agresivo abajo.
2,D1 Push,Hipertrofia pecho/hombro + descarga tendón hombro/codo,Base + volumen suave: +1-2 reps o +2.5 kg si 24h OK,Accesorio,Shoulder press,3,10,,34,RIR 3,3-1-2,2 min,Deltoide/press sin llegar al límite,Dolor permitido 0-3/10 durante; debe quedar igual o mejor a las 24h. Si >3/10 o peor mañana: baja 10-20% carga/volumen y acorta ROM.,"Cuando completes el tope de reps con RIR>=2 y regla 24h OK, sube 2.5 kg en básicos/máquinas o +1 rep por serie; accesorios +1-2 reps antes de subir peso.","Recorrido limpio; si molesta, cambia a mancuernas o landmine."
2,D1 Push,Hipertrofia pecho/hombro + descarga tendón hombro/codo,Base + volumen suave: +1-2 reps o +2.5 kg si 24h OK,Accesorio controlado,Dips,3,9,,BW,RIR 3-4,3-1-2,2 min,Mantener patrón sin irritar tendón anterior/hombro,Dolor permitido 0-3/10 durante; debe quedar igual o mejor a las 24h. Si >3/10 o peor mañana: baja 10-20% carga/volumen y acorta ROM.,"Cuando completes el tope de reps con RIR>=2 y regla 24h OK, sube 2.5 kg en básicos/máquinas o +1 rep por serie; accesorios +1-2 reps antes de subir peso.",Prohibido fallo las primeras 7 semanas; profundidad solo hasta donde no moleste.
2,D1 Push,Hipertrofia pecho/hombro + descarga tendón hombro/codo,Base + volumen suave: +1-2 reps o +2.5 kg si 24h OK,Prehab,Rotación externa banda/cable,3,15-20,,ligero,RIR 4,2-1-2,45-60 s,Manguito rotador y estabilidad escapular,Dolor permitido 0-3/10 durante; debe quedar igual o mejor a las 24h. Si >3/10 o peor mañana: baja 10-20% carga/volumen y acorta ROM.,"Cuando completes el tope de reps con RIR>=2 y regla 24h OK, sube 2.5 kg en básicos/máquinas o +1 rep por serie; accesorios +1-2 reps antes de subir peso.","Que queme músculo, no tendón/articulación."
2,D2 Pull,Hipertrofia espalda/bíceps + tolerancia tendón codo,Base + volumen suave: +1-2 reps o +2.5 kg si 24h OK,Tendón/activación,Isométrico curl martillo a 90°,3-5,30-45 s,,moderado,dolor <=3/10,isométrico,60-90 s,Preparar tendón de bíceps/antebrazo,Dolor permitido 0-3/10 durante; debe quedar igual o mejor a las 24h. Si >3/10 o peor mañana: baja 10-20% carga/volumen y acorta ROM.,"Cuando completes el tope de reps con RIR>=2 y regla 24h OK, sube 2.5 kg en básicos/máquinas o +1 rep por serie; accesorios +1-2 reps antes de subir peso.","Muñeca neutra; si se irrita, cambia por agarre pronado."
2,D2 Pull,Hipertrofia espalda/bíceps + tolerancia tendón codo,Base + volumen suave: +1-2 reps o +2.5 kg si 24h OK,Principal,Supine pull-up / dominada supina,4,8,,BW + 2.5-5 kg,RIR 3,3-1-2,2-3 min,Mantener fuerza con menos estrés que tus +40 kg pesados,Dolor permitido 0-3/10 durante; debe quedar igual o mejor a las 24h. Si >3/10 o peor mañana: baja 10-20% carga/volumen y acorta ROM.,"Cuando completes el tope de reps con RIR>=2 y regla 24h OK, sube 2.5 kg en básicos/máquinas o +1 rep por serie; accesorios +1-2 reps antes de subir peso.","Pecho hacia barra, bajada lenta; no busques fallo."
2,D2 Pull,Hipertrofia espalda/bíceps + tolerancia tendón codo,Base + volumen suave: +1-2 reps o +2.5 kg si 24h OK,Principal accesorio,Gironda row,4,11-12,,52,RIR 3,3-1-2,2 min,Volumen de dorsales/romboides basado en 54x10,Dolor permitido 0-3/10 durante; debe quedar igual o mejor a las 24h. Si >3/10 o peor mañana: baja 10-20% carga/volumen y acorta ROM.,"Cuando completes el tope de reps con RIR>=2 y regla 24h OK, sube 2.5 kg en básicos/máquinas o +1 rep por serie; accesorios +1-2 reps antes de subir peso.",Pausa 1s contraído; evita tirones.
2,D2 Pull,Hipertrofia espalda/bíceps + tolerancia tendón codo,Base + volumen suave: +1-2 reps o +2.5 kg si 24h OK,Control escapular,Scap pull-ups,3,10-12,,BW,RIR 4,2-1-2,60-90 s,Técnica de dominada y descarga de codo,Dolor permitido 0-3/10 durante; debe quedar igual o mejor a las 24h. Si >3/10 o peor mañana: baja 10-20% carga/volumen y acorta ROM.,"Cuando completes el tope de reps con RIR>=2 y regla 24h OK, sube 2.5 kg en básicos/máquinas o +1 rep por serie; accesorios +1-2 reps antes de subir peso.","Solo movimiento escapular, brazos largos."
2,D2 Pull,Hipertrofia espalda/bíceps + tolerancia tendón codo,Base + volumen suave: +1-2 reps o +2.5 kg si 24h OK,Accesorio tendón,Hammer curl slow,2-3,12-15,,ligero-moderado,RIR 3-4,3-1-3,60-90 s,Carga lenta para tendón de codo/bíceps,Dolor permitido 0-3/10 durante; debe quedar igual o mejor a las 24h. Si >3/10 o peor mañana: baja 10-20% carga/volumen y acorta ROM.,"Cuando completes el tope de reps con RIR>=2 y regla 24h OK, sube 2.5 kg en básicos/máquinas o +1 rep por serie; accesorios +1-2 reps antes de subir peso.",Sube peso solo si no hay dolor al día siguiente.
2,D2 Pull,Hipertrofia espalda/bíceps + tolerancia tendón codo,Base + volumen suave: +1-2 reps o +2.5 kg si 24h OK,Prehab,Face pull / rear delt,3,15-20,,ligero,RIR 4,2-1-2,60 s,Salud de hombro y postura,Dolor permitido 0-3/10 durante; debe quedar igual o mejor a las 24h. Si >3/10 o peor mañana: baja 10-20% carga/volumen y acorta ROM.,"Cuando completes el tope de reps con RIR>=2 y regla 24h OK, sube 2.5 kg en básicos/máquinas o +1 rep por serie; accesorios +1-2 reps antes de subir peso.",Codos altos sin dolor.
2,D3 Legs,Hipertrofia pierna + tendón rodilla/isquio,Base + volumen suave: +1-2 reps o +2.5 kg si 24h OK,Tendón/activación,Spanish squat o extensión isométrica,5,30-45 s,,moderado,dolor <=3/10,isométrico,60-90 s,Tolerancia de tendón rotuliano/cuádriceps,Dolor permitido 0-3/10 durante; debe quedar igual o mejor a las 24h. Si >3/10 o peor mañana: baja 10-20% carga/volumen y acorta ROM.,"Cuando completes el tope de reps con RIR>=2 y regla 24h OK, sube 2.5 kg en básicos/máquinas o +1 rep por serie; accesorios +1-2 reps antes de subir peso.","Ángulo cómodo; debe sentirse cuádriceps, no dolor punzante."
2,D3 Legs,Hipertrofia pierna + tendón rodilla/isquio,Base + volumen suave: +1-2 reps o +2.5 kg si 24h OK,Principal,Squat libre,4,8,,85,RIR 3,3-1-2,2-4 min,Hipertrofia/fuerza basada en 100x7,Dolor permitido 0-3/10 durante; debe quedar igual o mejor a las 24h. Si >3/10 o peor mañana: baja 10-20% carga/volumen y acorta ROM.,"Cuando completes el tope de reps con RIR>=2 y regla 24h OK, sube 2.5 kg en básicos/máquinas o +1 rep por serie; accesorios +1-2 reps antes de subir peso.","No grinder; si la espalda baja molesta, cambia a hack de la fila siguiente."
2,D3 Legs,Hipertrofia pierna + tendón rodilla/isquio,Base + volumen suave: +1-2 reps o +2.5 kg si 24h OK,Alternativa si no hay squat,Hack squat,3,10,,97.5,RIR 3,3-1-2,2-3 min,Mismo objetivo con más estabilidad,Dolor permitido 0-3/10 durante; debe quedar igual o mejor a las 24h. Si >3/10 o peor mañana: baja 10-20% carga/volumen y acorta ROM.,"Cuando completes el tope de reps con RIR>=2 y regla 24h OK, sube 2.5 kg en básicos/máquinas o +1 rep por serie; accesorios +1-2 reps antes de subir peso.",Usa esta fila solo si ese día no haces squat libre.
2,D3 Legs,Hipertrofia pierna + tendón rodilla/isquio,Base + volumen suave: +1-2 reps o +2.5 kg si 24h OK,Accesorio,Isquio sentado,3,12,,45,RIR 3,3-1-2,90-120 s,Isquios y protección de rodilla,Dolor permitido 0-3/10 durante; debe quedar igual o mejor a las 24h. Si >3/10 o peor mañana: baja 10-20% carga/volumen y acorta ROM.,"Cuando completes el tope de reps con RIR>=2 y regla 24h OK, sube 2.5 kg en básicos/máquinas o +1 rep por serie; accesorios +1-2 reps antes de subir peso.",Pausa 1s abajo/contraído.
2,D3 Legs,Hipertrofia pierna + tendón rodilla/isquio,Base + volumen suave: +1-2 reps o +2.5 kg si 24h OK,Accesorio tendón,Extensión de cuadriceps slow,3,12-15,,59,RIR 3,3-1-3,90 s,HSR ligero/moderado para tendón de rodilla,Dolor permitido 0-3/10 durante; debe quedar igual o mejor a las 24h. Si >3/10 o peor mañana: baja 10-20% carga/volumen y acorta ROM.,"Cuando completes el tope de reps con RIR>=2 y regla 24h OK, sube 2.5 kg en básicos/máquinas o +1 rep por serie; accesorios +1-2 reps antes de subir peso.",Rango sin dolor; no bloquear agresivo.
2,D3 Legs,Hipertrofia pierna + tendón rodilla/isquio,Base + volumen suave: +1-2 reps o +2.5 kg si 24h OK,Accesorio,Pantorrilla de pie o prensa,4,12-15,,15-25 kg o 25 lb+,RIR 2-3,3-1-2,60-90 s,Tendón Aquiles/pantorrilla e hipertrofia,Dolor permitido 0-3/10 durante; debe quedar igual o mejor a las 24h. Si >3/10 o peor mañana: baja 10-20% carga/volumen y acorta ROM.,"Cuando completes el tope de reps con RIR>=2 y regla 24h OK, sube 2.5 kg en básicos/máquinas o +1 rep por serie; accesorios +1-2 reps antes de subir peso.",Sube por reps antes de subir carga.
2,D3 Legs,Hipertrofia pierna + tendón rodilla/isquio,Base + volumen suave: +1-2 reps o +2.5 kg si 24h OK,Core,Plancha / dead bug,3,30-45 s,,BW,controlado,controlado,60 s,Estabilidad para sentadilla,Dolor permitido 0-3/10 durante; debe quedar igual o mejor a las 24h. Si >3/10 o peor mañana: baja 10-20% carga/volumen y acorta ROM.,"Cuando completes el tope de reps con RIR>=2 y regla 24h OK, sube 2.5 kg en básicos/máquinas o +1 rep por serie; accesorios +1-2 reps antes de subir peso.",Sin dolor lumbar.
2,D4 Skill/Shoulder,Skill hombro + hipertrofia ligera + recuperación tendinosa,Base + volumen suave: +1-2 reps o +2.5 kg si 24h OK,Skill controlado,Handstand lean,5,20 s,,BW,técnico,controlado,60-90 s,Tolerancia de muñeca/hombro sin fatiga excesiva,Dolor permitido 0-3/10 durante; debe quedar igual o mejor a las 24h. Si >3/10 o peor mañana: baja 10-20% carga/volumen y acorta ROM.,"Cuando completes el tope de reps con RIR>=2 y regla 24h OK, sube 2.5 kg en básicos/máquinas o +1 rep por serie; accesorios +1-2 reps antes de subir peso.",Corta serie antes de perder posición.
2,D4 Skill/Shoulder,Skill hombro + hipertrofia ligera + recuperación tendinosa,Base + volumen suave: +1-2 reps o +2.5 kg si 24h OK,Skill excéntrico,Negative lean,3,7,,BW,RIR 3-4,5 s negativa,60-90 s,Control excéntrico hombro/escápula,Dolor permitido 0-3/10 durante; debe quedar igual o mejor a las 24h. Si >3/10 o peor mañana: baja 10-20% carga/volumen y acorta ROM.,"Cuando completes el tope de reps con RIR>=2 y regla 24h OK, sube 2.5 kg en básicos/máquinas o +1 rep por serie; accesorios +1-2 reps antes de subir peso.",Bajada de 5s; cero rebotes.
2,D4 Skill/Shoulder,Skill hombro + hipertrofia ligera + recuperación tendinosa,Base + volumen suave: +1-2 reps o +2.5 kg si 24h OK,Técnica,Muscle-up en anillas - práctica,6,1 transición asistida,,banda/anillas bajas,RIR 4,controlado,2-3 min,Mantener habilidad sin irritar codo/hombro,Dolor permitido 0-3/10 durante; debe quedar igual o mejor a las 24h. Si >3/10 o peor mañana: baja 10-20% carga/volumen y acorta ROM.,"Cuando completes el tope de reps con RIR>=2 y regla 24h OK, sube 2.5 kg en básicos/máquinas o +1 rep por serie; accesorios +1-2 reps antes de subir peso.","No fallo. Si sientes tendón, cambia por transición en anillas bajas."
2,D4 Skill/Shoulder,Skill hombro + hipertrofia ligera + recuperación tendinosa,Base + volumen suave: +1-2 reps o +2.5 kg si 24h OK,Accesorio,Shoulder press ligero,3,12,,30kg,RIR 3-4,3-1-2,90-120 s,Volumen técnico adicional de hombro,Dolor permitido 0-3/10 durante; debe quedar igual o mejor a las 24h. Si >3/10 o peor mañana: baja 10-20% carga/volumen y acorta ROM.,"Cuando completes el tope de reps con RIR>=2 y regla 24h OK, sube 2.5 kg en básicos/máquinas o +1 rep por serie; accesorios +1-2 reps antes de subir peso.",Debe sentirse fácil y limpio.
2,D4 Skill/Shoulder,Skill hombro + hipertrofia ligera + recuperación tendinosa,Base + volumen suave: +1-2 reps o +2.5 kg si 24h OK,Accesorio,Elevación lateral,3,15-20,,ligero,RIR 3-4,2-1-2,60 s,Hipertrofia deltoide sin mucho estrés articular,Dolor permitido 0-3/10 durante; debe quedar igual o mejor a las 24h. Si >3/10 o peor mañana: baja 10-20% carga/volumen y acorta ROM.,"Cuando completes el tope de reps con RIR>=2 y regla 24h OK, sube 2.5 kg en básicos/máquinas o +1 rep por serie; accesorios +1-2 reps antes de subir peso.",No balancear.
2,D4 Skill/Shoulder,Skill hombro + hipertrofia ligera + recuperación tendinosa,Base + volumen suave: +1-2 reps o +2.5 kg si 24h OK,Prehab,YTWL / trap 3 raise,2-3,12-15,,muy ligero,RIR 4,2-1-2,45-60 s,Escápula y manguito rotador,Dolor permitido 0-3/10 durante; debe quedar igual o mejor a las 24h. Si >3/10 o peor mañana: baja 10-20% carga/volumen y acorta ROM.,"Cuando completes el tope de reps con RIR>=2 y regla 24h OK, sube 2.5 kg en básicos/máquinas o +1 rep por serie; accesorios +1-2 reps antes de subir peso.",Calidad > peso.
3,D1 Push,Hipertrofia pecho/hombro + descarga tendón hombro/codo,"Volumen alto controlado: RIR 2-3, más sets",Tendón/activación,"Isométrico empuje mid-range (pared o barra, sin dolor)",3-5,30-45 s,,40-60% esfuerzo,dolor <=3/10,isométrico,60-90 s,Analgesia y tolerancia de tendón antes de empujar,Dolor permitido 0-3/10 durante; debe quedar igual o mejor a las 24h. Si >3/10 o peor mañana: baja 10-20% carga/volumen y acorta ROM.,"Cuando completes el tope de reps con RIR>=2 y regla 24h OK, sube 2.5 kg en básicos/máquinas o +1 rep por serie; accesorios +1-2 reps antes de subir peso.",Codo/hombro en posición cómoda; no busques temblor máximo.
3,D1 Push,Hipertrofia pecho/hombro + descarga tendón hombro/codo,"Volumen alto controlado: RIR 2-3, más sets",Principal,Incline bench press,4,9,,65-67.5,RIR 2-3,3-1-2,2-3 min,Hipertrofia y fuerza submáxima basada en 70x10/80x5,Dolor permitido 0-3/10 durante; debe quedar igual o mejor a las 24h. Si >3/10 o peor mañana: baja 10-20% carga/volumen y acorta ROM.,"Cuando completes el tope de reps con RIR>=2 y regla 24h OK, sube 2.5 kg en básicos/máquinas o +1 rep por serie; accesorios +1-2 reps antes de subir peso.","No fallo; barra siempre rápida. Si hombro se siente raro, usa agarre un poco más cerrado."
3,D1 Push,Hipertrofia pecho/hombro + descarga tendón hombro/codo,"Volumen alto controlado: RIR 2-3, más sets",Accesorio,Peck deck,4,10-12,,60,RIR 2-3,3-1-2,90-120 s,Volumen de pecho con baja demanda técnica,Dolor permitido 0-3/10 durante; debe quedar igual o mejor a las 24h. Si >3/10 o peor mañana: baja 10-20% carga/volumen y acorta ROM.,"Cuando completes el tope de reps con RIR>=2 y regla 24h OK, sube 2.5 kg en básicos/máquinas o +1 rep por serie; accesorios +1-2 reps antes de subir peso.",Mantén escápulas fijas; no estires agresivo abajo.
3,D1 Push,Hipertrofia pecho/hombro + descarga tendón hombro/codo,"Volumen alto controlado: RIR 2-3, más sets",Accesorio,Shoulder press,4,8-10,,36,RIR 2-3,3-1-2,2 min,Deltoide/press sin llegar al límite,Dolor permitido 0-3/10 durante; debe quedar igual o mejor a las 24h. Si >3/10 o peor mañana: baja 10-20% carga/volumen y acorta ROM.,"Cuando completes el tope de reps con RIR>=2 y regla 24h OK, sube 2.5 kg en básicos/máquinas o +1 rep por serie; accesorios +1-2 reps antes de subir peso.","Recorrido limpio; si molesta, cambia a mancuernas o landmine."
3,D1 Push,Hipertrofia pecho/hombro + descarga tendón hombro/codo,"Volumen alto controlado: RIR 2-3, más sets",Accesorio controlado,Dips,3,10,,BW,RIR 3,3-1-2,2 min,Mantener patrón sin irritar tendón anterior/hombro,Dolor permitido 0-3/10 durante; debe quedar igual o mejor a las 24h. Si >3/10 o peor mañana: baja 10-20% carga/volumen y acorta ROM.,"Cuando completes el tope de reps con RIR>=2 y regla 24h OK, sube 2.5 kg en básicos/máquinas o +1 rep por serie; accesorios +1-2 reps antes de subir peso.",Prohibido fallo las primeras 7 semanas; profundidad solo hasta donde no moleste.
3,D1 Push,Hipertrofia pecho/hombro + descarga tendón hombro/codo,"Volumen alto controlado: RIR 2-3, más sets",Prehab,Rotación externa banda/cable,3,15-20,,ligero,RIR 4,2-1-2,45-60 s,Manguito rotador y estabilidad escapular,Dolor permitido 0-3/10 durante; debe quedar igual o mejor a las 24h. Si >3/10 o peor mañana: baja 10-20% carga/volumen y acorta ROM.,"Cuando completes el tope de reps con RIR>=2 y regla 24h OK, sube 2.5 kg en básicos/máquinas o +1 rep por serie; accesorios +1-2 reps antes de subir peso.","Que queme músculo, no tendón/articulación."
3,D2 Pull,Hipertrofia espalda/bíceps + tolerancia tendón codo,"Volumen alto controlado: RIR 2-3, más sets",Tendón/activación,Isométrico curl martillo a 90°,3-5,30-45 s,,moderado,dolor <=3/10,isométrico,60-90 s,Preparar tendón de bíceps/antebrazo,Dolor permitido 0-3/10 durante; debe quedar igual o mejor a las 24h. Si >3/10 o peor mañana: baja 10-20% carga/volumen y acorta ROM.,"Cuando completes el tope de reps con RIR>=2 y regla 24h OK, sube 2.5 kg en básicos/máquinas o +1 rep por serie; accesorios +1-2 reps antes de subir peso.","Muñeca neutra; si se irrita, cambia por agarre pronado."
3,D2 Pull,Hipertrofia espalda/bíceps + tolerancia tendón codo,"Volumen alto controlado: RIR 2-3, más sets",Principal,Supine pull-up / dominada supina,5,6,,BW + 5 kg,RIR 2-3,3-1-2,2-3 min,Mantener fuerza con menos estrés que tus +40 kg pesados,Dolor permitido 0-3/10 durante; debe quedar igual o mejor a las 24h. Si >3/10 o peor mañana: baja 10-20% carga/volumen y acorta ROM.,"Cuando completes el tope de reps con RIR>=2 y regla 24h OK, sube 2.5 kg en básicos/máquinas o +1 rep por serie; accesorios +1-2 reps antes de subir peso.","Pecho hacia barra, bajada lenta; no busques fallo."
3,D2 Pull,Hipertrofia espalda/bíceps + tolerancia tendón codo,"Volumen alto controlado: RIR 2-3, más sets",Principal accesorio,Gironda row,4,10-12,,54,RIR 2-3,3-1-2,2 min,Volumen de dorsales/romboides basado en 54x10,Dolor permitido 0-3/10 durante; debe quedar igual o mejor a las 24h. Si >3/10 o peor mañana: baja 10-20% carga/volumen y acorta ROM.,"Cuando completes el tope de reps con RIR>=2 y regla 24h OK, sube 2.5 kg en básicos/máquinas o +1 rep por serie; accesorios +1-2 reps antes de subir peso.",Pausa 1s contraído; evita tirones.
3,D2 Pull,Hipertrofia espalda/bíceps + tolerancia tendón codo,"Volumen alto controlado: RIR 2-3, más sets",Control escapular,Scap pull-ups,3,10-12,,BW,RIR 4,2-1-2,60-90 s,Técnica de dominada y descarga de codo,Dolor permitido 0-3/10 durante; debe quedar igual o mejor a las 24h. Si >3/10 o peor mañana: baja 10-20% carga/volumen y acorta ROM.,"Cuando completes el tope de reps con RIR>=2 y regla 24h OK, sube 2.5 kg en básicos/máquinas o +1 rep por serie; accesorios +1-2 reps antes de subir peso.","Solo movimiento escapular, brazos largos."
3,D2 Pull,Hipertrofia espalda/bíceps + tolerancia tendón codo,"Volumen alto controlado: RIR 2-3, más sets",Accesorio tendón,Hammer curl slow,2-3,12-15,,ligero-moderado,RIR 3-4,3-1-3,60-90 s,Carga lenta para tendón de codo/bíceps,Dolor permitido 0-3/10 durante; debe quedar igual o mejor a las 24h. Si >3/10 o peor mañana: baja 10-20% carga/volumen y acorta ROM.,"Cuando completes el tope de reps con RIR>=2 y regla 24h OK, sube 2.5 kg en básicos/máquinas o +1 rep por serie; accesorios +1-2 reps antes de subir peso.",Sube peso solo si no hay dolor al día siguiente.
3,D2 Pull,Hipertrofia espalda/bíceps + tolerancia tendón codo,"Volumen alto controlado: RIR 2-3, más sets",Prehab,Face pull / rear delt,3,15-20,,ligero,RIR 4,2-1-2,60 s,Salud de hombro y postura,Dolor permitido 0-3/10 durante; debe quedar igual o mejor a las 24h. Si >3/10 o peor mañana: baja 10-20% carga/volumen y acorta ROM.,"Cuando completes el tope de reps con RIR>=2 y regla 24h OK, sube 2.5 kg en básicos/máquinas o +1 rep por serie; accesorios +1-2 reps antes de subir peso.",Codos altos sin dolor.
3,D3 Legs,Hipertrofia pierna + tendón rodilla/isquio,"Volumen alto controlado: RIR 2-3, más sets",Tendón/activación,Spanish squat o extensión isométrica,5,30-45 s,,moderado,dolor <=3/10,isométrico,60-90 s,Tolerancia de tendón rotuliano/cuádriceps,Dolor permitido 0-3/10 durante; debe quedar igual o mejor a las 24h. Si >3/10 o peor mañana: baja 10-20% carga/volumen y acorta ROM.,"Cuando completes el tope de reps con RIR>=2 y regla 24h OK, sube 2.5 kg en básicos/máquinas o +1 rep por serie; accesorios +1-2 reps antes de subir peso.","Ángulo cómodo; debe sentirse cuádriceps, no dolor punzante."
3,D3 Legs,Hipertrofia pierna + tendón rodilla/isquio,"Volumen alto controlado: RIR 2-3, más sets",Principal,Squat libre,4,7,,90,RIR 2-3,3-1-2,2-4 min,Hipertrofia/fuerza basada en 100x7,Dolor permitido 0-3/10 durante; debe quedar igual o mejor a las 24h. Si >3/10 o peor mañana: baja 10-20% carga/volumen y acorta ROM.,"Cuando completes el tope de reps con RIR>=2 y regla 24h OK, sube 2.5 kg en básicos/máquinas o +1 rep por serie; accesorios +1-2 reps antes de subir peso.","No grinder; si la espalda baja molesta, cambia a hack de la fila siguiente."
3,D3 Legs,Hipertrofia pierna + tendón rodilla/isquio,"Volumen alto controlado: RIR 2-3, más sets",Alternativa si no hay squat,Hack squat,4,8-10,,100,RIR 2-3,3-1-2,2-3 min,Mismo objetivo con más estabilidad,Dolor permitido 0-3/10 durante; debe quedar igual o mejor a las 24h. Si >3/10 o peor mañana: baja 10-20% carga/volumen y acorta ROM.,"Cuando completes el tope de reps con RIR>=2 y regla 24h OK, sube 2.5 kg en básicos/máquinas o +1 rep por serie; accesorios +1-2 reps antes de subir peso.",Usa esta fila solo si ese día no haces squat libre.
3,D3 Legs,Hipertrofia pierna + tendón rodilla/isquio,"Volumen alto controlado: RIR 2-3, más sets",Accesorio,Isquio sentado,4,10-12,,45,RIR 2-3,3-1-2,90-120 s,Isquios y protección de rodilla,Dolor permitido 0-3/10 durante; debe quedar igual o mejor a las 24h. Si >3/10 o peor mañana: baja 10-20% carga/volumen y acorta ROM.,"Cuando completes el tope de reps con RIR>=2 y regla 24h OK, sube 2.5 kg en básicos/máquinas o +1 rep por serie; accesorios +1-2 reps antes de subir peso.",Pausa 1s abajo/contraído.
3,D3 Legs,Hipertrofia pierna + tendón rodilla/isquio,"Volumen alto controlado: RIR 2-3, más sets",Accesorio tendón,Extensión de cuadriceps slow,3,12-15,,ligero-moderado,RIR 3,3-1-3,90 s,HSR ligero/moderado para tendón de rodilla,Dolor permitido 0-3/10 durante; debe quedar igual o mejor a las 24h. Si >3/10 o peor mañana: baja 10-20% carga/volumen y acorta ROM.,"Cuando completes el tope de reps con RIR>=2 y regla 24h OK, sube 2.5 kg en básicos/máquinas o +1 rep por serie; accesorios +1-2 reps antes de subir peso.",Rango sin dolor; no bloquear agresivo.
3,D3 Legs,Hipertrofia pierna + tendón rodilla/isquio,"Volumen alto controlado: RIR 2-3, más sets",Accesorio,Pantorrilla de pie o prensa,4,12-15,,15-25 kg o 25 lb+,RIR 2-3,3-1-2,60-90 s,Tendón Aquiles/pantorrilla e hipertrofia,Dolor permitido 0-3/10 durante; debe quedar igual o mejor a las 24h. Si >3/10 o peor mañana: baja 10-20% carga/volumen y acorta ROM.,"Cuando completes el tope de reps con RIR>=2 y regla 24h OK, sube 2.5 kg en básicos/máquinas o +1 rep por serie; accesorios +1-2 reps antes de subir peso.",Sube por reps antes de subir carga.
3,D3 Legs,Hipertrofia pierna + tendón rodilla/isquio,"Volumen alto controlado: RIR 2-3, más sets",Core,Plancha / dead bug,3,30-45 s,,BW,controlado,controlado,60 s,Estabilidad para sentadilla,Dolor permitido 0-3/10 durante; debe quedar igual o mejor a las 24h. Si >3/10 o peor mañana: baja 10-20% carga/volumen y acorta ROM.,"Cuando completes el tope de reps con RIR>=2 y regla 24h OK, sube 2.5 kg en básicos/máquinas o +1 rep por serie; accesorios +1-2 reps antes de subir peso.",Sin dolor lumbar.
3,D4 Skill/Shoulder,Skill hombro + hipertrofia ligera + recuperación tendinosa,"Volumen alto controlado: RIR 2-3, más sets",Skill controlado,Handstand lean,6,20 s,,BW,técnico,controlado,60-90 s,Tolerancia de muñeca/hombro sin fatiga excesiva,Dolor permitido 0-3/10 durante; debe quedar igual o mejor a las 24h. Si >3/10 o peor mañana: baja 10-20% carga/volumen y acorta ROM.,"Cuando completes el tope de reps con RIR>=2 y regla 24h OK, sube 2.5 kg en básicos/máquinas o +1 rep por serie; accesorios +1-2 reps antes de subir peso.",Corta serie antes de perder posición.
3,D4 Skill/Shoulder,Skill hombro + hipertrofia ligera + recuperación tendinosa,"Volumen alto controlado: RIR 2-3, más sets",Skill excéntrico,Negative lean,3,8,,BW,RIR 3,5 s negativa,60-90 s,Control excéntrico hombro/escápula,Dolor permitido 0-3/10 durante; debe quedar igual o mejor a las 24h. Si >3/10 o peor mañana: baja 10-20% carga/volumen y acorta ROM.,"Cuando completes el tope de reps con RIR>=2 y regla 24h OK, sube 2.5 kg en básicos/máquinas o +1 rep por serie; accesorios +1-2 reps antes de subir peso.",Bajada de 5s; cero rebotes.
3,D4 Skill/Shoulder,Skill hombro + hipertrofia ligera + recuperación tendinosa,"Volumen alto controlado: RIR 2-3, más sets",Técnica,Muscle-up en anillas - práctica,5,2 reps técnicas,,banda si hace falta,RIR 3-4,controlado,2-3 min,Mantener habilidad sin irritar codo/hombro,Dolor permitido 0-3/10 durante; debe quedar igual o mejor a las 24h. Si >3/10 o peor mañana: baja 10-20% carga/volumen y acorta ROM.,"Cuando completes el tope de reps con RIR>=2 y regla 24h OK, sube 2.5 kg en básicos/máquinas o +1 rep por serie; accesorios +1-2 reps antes de subir peso.","No fallo. Si sientes tendón, cambia por transición en anillas bajas."
3,D4 Skill/Shoulder,Skill hombro + hipertrofia ligera + recuperación tendinosa,"Volumen alto controlado: RIR 2-3, más sets",Accesorio,Shoulder press ligero,3,10,,32,RIR 3,3-1-2,90-120 s,Volumen técnico adicional de hombro,Dolor permitido 0-3/10 durante; debe quedar igual o mejor a las 24h. Si >3/10 o peor mañana: baja 10-20% carga/volumen y acorta ROM.,"Cuando completes el tope de reps con RIR>=2 y regla 24h OK, sube 2.5 kg en básicos/máquinas o +1 rep por serie; accesorios +1-2 reps antes de subir peso.",Debe sentirse fácil y limpio.
3,D4 Skill/Shoulder,Skill hombro + hipertrofia ligera + recuperación tendinosa,"Volumen alto controlado: RIR 2-3, más sets",Accesorio,Elevación lateral,3,15-20,,ligero,RIR 3-4,2-1-2,60 s,Hipertrofia deltoide sin mucho estrés articular,Dolor permitido 0-3/10 durante; debe quedar igual o mejor a las 24h. Si >3/10 o peor mañana: baja 10-20% carga/volumen y acorta ROM.,"Cuando completes el tope de reps con RIR>=2 y regla 24h OK, sube 2.5 kg en básicos/máquinas o +1 rep por serie; accesorios +1-2 reps antes de subir peso.",No balancear.
3,D4 Skill/Shoulder,Skill hombro + hipertrofia ligera + recuperación tendinosa,"Volumen alto controlado: RIR 2-3, más sets",Prehab,YTWL / trap 3 raise,2-3,12-15,,muy ligero,RIR 4,2-1-2,45-60 s,Escápula y manguito rotador,Dolor permitido 0-3/10 durante; debe quedar igual o mejor a las 24h. Si >3/10 o peor mañana: baja 10-20% carga/volumen y acorta ROM.,"Cuando completes el tope de reps con RIR>=2 y regla 24h OK, sube 2.5 kg en básicos/máquinas o +1 rep por serie; accesorios +1-2 reps antes de subir peso.",Calidad > peso.
4,D1 Push,Hipertrofia pecho/hombro + descarga tendón hombro/codo,"Carga moderada: RIR 2, no buscar PR",Tendón/activación,"Isométrico empuje mid-range (pared o barra, sin dolor)",3-5,30-45 s,,40-60% esfuerzo,dolor <=3/10,isométrico,60-90 s,Analgesia y tolerancia de tendón antes de empujar,Dolor permitido 0-3/10 durante; debe quedar igual o mejor a las 24h. Si >3/10 o peor mañana: baja 10-20% carga/volumen y acorta ROM.,"Cuando completes el tope de reps con RIR>=2 y regla 24h OK, sube 2.5 kg en básicos/máquinas o +1 rep por serie; accesorios +1-2 reps antes de subir peso.",Codo/hombro en posición cómoda; no busques temblor máximo.
4,D1 Push,Hipertrofia pecho/hombro + descarga tendón hombro/codo,"Carga moderada: RIR 2, no buscar PR",Principal,Incline bench press,4,8,,70,RIR 2,3-1-1,2-3 min,Hipertrofia y fuerza submáxima basada en 70x10/80x5,Dolor permitido 0-3/10 durante; debe quedar igual o mejor a las 24h. Si >3/10 o peor mañana: baja 10-20% carga/volumen y acorta ROM.,"Cuando completes el tope de reps con RIR>=2 y regla 24h OK, sube 2.5 kg en básicos/máquinas o +1 rep por serie; accesorios +1-2 reps antes de subir peso.","No fallo; barra siempre rápida. Si hombro se siente raro, usa agarre un poco más cerrado."
4,D1 Push,Hipertrofia pecho/hombro + descarga tendón hombro/codo,"Carga moderada: RIR 2, no buscar PR",Accesorio,Peck deck,4,10,,62.5,RIR 2,3-1-2,90-120 s,Volumen de pecho con baja demanda técnica,Dolor permitido 0-3/10 durante; debe quedar igual o mejor a las 24h. Si >3/10 o peor mañana: baja 10-20% carga/volumen y acorta ROM.,"Cuando completes el tope de reps con RIR>=2 y regla 24h OK, sube 2.5 kg en básicos/máquinas o +1 rep por serie; accesorios +1-2 reps antes de subir peso.",Mantén escápulas fijas; no estires agresivo abajo.
4,D1 Push,Hipertrofia pecho/hombro + descarga tendón hombro/codo,"Carga moderada: RIR 2, no buscar PR",Accesorio,Shoulder press,4,8,,38,RIR 2,3-1-1,2 min,Deltoide/press sin llegar al límite,Dolor permitido 0-3/10 durante; debe quedar igual o mejor a las 24h. Si >3/10 o peor mañana: baja 10-20% carga/volumen y acorta ROM.,"Cuando completes el tope de reps con RIR>=2 y regla 24h OK, sube 2.5 kg en básicos/máquinas o +1 rep por serie; accesorios +1-2 reps antes de subir peso.","Recorrido limpio; si molesta, cambia a mancuernas o landmine."
4,D1 Push,Hipertrofia pecho/hombro + descarga tendón hombro/codo,"Carga moderada: RIR 2, no buscar PR",Accesorio controlado,Dips,4,8,,BW,RIR 2-3,3-1-2,2 min,Mantener patrón sin irritar tendón anterior/hombro,Dolor permitido 0-3/10 durante; debe quedar igual o mejor a las 24h. Si >3/10 o peor mañana: baja 10-20% carga/volumen y acorta ROM.,"Cuando completes el tope de reps con RIR>=2 y regla 24h OK, sube 2.5 kg en básicos/máquinas o +1 rep por serie; accesorios +1-2 reps antes de subir peso.",Prohibido fallo las primeras 7 semanas; profundidad solo hasta donde no moleste.
4,D1 Push,Hipertrofia pecho/hombro + descarga tendón hombro/codo,"Carga moderada: RIR 2, no buscar PR",Prehab,Rotación externa banda/cable,3,15-20,,ligero,RIR 4,2-1-2,45-60 s,Manguito rotador y estabilidad escapular,Dolor permitido 0-3/10 durante; debe quedar igual o mejor a las 24h. Si >3/10 o peor mañana: baja 10-20% carga/volumen y acorta ROM.,"Cuando completes el tope de reps con RIR>=2 y regla 24h OK, sube 2.5 kg en básicos/máquinas o +1 rep por serie; accesorios +1-2 reps antes de subir peso.","Que queme músculo, no tendón/articulación."
4,D2 Pull,Hipertrofia espalda/bíceps + tolerancia tendón codo,"Carga moderada: RIR 2, no buscar PR",Tendón/activación,Isométrico curl martillo a 90°,3-5,30-45 s,,moderado,dolor <=3/10,isométrico,60-90 s,Preparar tendón de bíceps/antebrazo,Dolor permitido 0-3/10 durante; debe quedar igual o mejor a las 24h. Si >3/10 o peor mañana: baja 10-20% carga/volumen y acorta ROM.,"Cuando completes el tope de reps con RIR>=2 y regla 24h OK, sube 2.5 kg en básicos/máquinas o +1 rep por serie; accesorios +1-2 reps antes de subir peso.","Muñeca neutra; si se irrita, cambia por agarre pronado."
4,D2 Pull,Hipertrofia espalda/bíceps + tolerancia tendón codo,"Carga moderada: RIR 2, no buscar PR",Principal,Supine pull-up / dominada supina,4,6,,BW + 10 kg,RIR 2,3-1-1,2-3 min,Mantener fuerza con menos estrés que tus +40 kg pesados,Dolor permitido 0-3/10 durante; debe quedar igual o mejor a las 24h. Si >3/10 o peor mañana: baja 10-20% carga/volumen y acorta ROM.,"Cuando completes el tope de reps con RIR>=2 y regla 24h OK, sube 2.5 kg en básicos/máquinas o +1 rep por serie; accesorios +1-2 reps antes de subir peso.","Pecho hacia barra, bajada lenta; no busques fallo."
4,D2 Pull,Hipertrofia espalda/bíceps + tolerancia tendón codo,"Carga moderada: RIR 2, no buscar PR",Principal accesorio,Gironda row,4,10,,54-56,RIR 2,3-1-2,2 min,Volumen de dorsales/romboides basado en 54x10,Dolor permitido 0-3/10 durante; debe quedar igual o mejor a las 24h. Si >3/10 o peor mañana: baja 10-20% carga/volumen y acorta ROM.,"Cuando completes el tope de reps con RIR>=2 y regla 24h OK, sube 2.5 kg en básicos/máquinas o +1 rep por serie; accesorios +1-2 reps antes de subir peso.",Pausa 1s contraído; evita tirones.
4,D2 Pull,Hipertrofia espalda/bíceps + tolerancia tendón codo,"Carga moderada: RIR 2, no buscar PR",Control escapular,Scap pull-ups,3,10-12,,BW,RIR 4,2-1-2,60-90 s,Técnica de dominada y descarga de codo,Dolor permitido 0-3/10 durante; debe quedar igual o mejor a las 24h. Si >3/10 o peor mañana: baja 10-20% carga/volumen y acorta ROM.,"Cuando completes el tope de reps con RIR>=2 y regla 24h OK, sube 2.5 kg en básicos/máquinas o +1 rep por serie; accesorios +1-2 reps antes de subir peso.","Solo movimiento escapular, brazos largos."
4,D2 Pull,Hipertrofia espalda/bíceps + tolerancia tendón codo,"Carga moderada: RIR 2, no buscar PR",Accesorio tendón,Hammer curl slow,2-3,12-15,,ligero-moderado,RIR 3-4,3-1-3,60-90 s,Carga lenta para tendón de codo/bíceps,Dolor permitido 0-3/10 durante; debe quedar igual o mejor a las 24h. Si >3/10 o peor mañana: baja 10-20% carga/volumen y acorta ROM.,"Cuando completes el tope de reps con RIR>=2 y regla 24h OK, sube 2.5 kg en básicos/máquinas o +1 rep por serie; accesorios +1-2 reps antes de subir peso.",Sube peso solo si no hay dolor al día siguiente.
4,D2 Pull,Hipertrofia espalda/bíceps + tolerancia tendón codo,"Carga moderada: RIR 2, no buscar PR",Prehab,Face pull / rear delt,3,15-20,,ligero,RIR 4,2-1-2,60 s,Salud de hombro y postura,Dolor permitido 0-3/10 durante; debe quedar igual o mejor a las 24h. Si >3/10 o peor mañana: baja 10-20% carga/volumen y acorta ROM.,"Cuando completes el tope de reps con RIR>=2 y regla 24h OK, sube 2.5 kg en básicos/máquinas o +1 rep por serie; accesorios +1-2 reps antes de subir peso.",Codos altos sin dolor.
4,D3 Legs,Hipertrofia pierna + tendón rodilla/isquio,"Carga moderada: RIR 2, no buscar PR",Tendón/activación,Spanish squat o extensión isométrica,5,30-45 s,,moderado,dolor <=3/10,isométrico,60-90 s,Tolerancia de tendón rotuliano/cuádriceps,Dolor permitido 0-3/10 durante; debe quedar igual o mejor a las 24h. Si >3/10 o peor mañana: baja 10-20% carga/volumen y acorta ROM.,"Cuando completes el tope de reps con RIR>=2 y regla 24h OK, sube 2.5 kg en básicos/máquinas o +1 rep por serie; accesorios +1-2 reps antes de subir peso.","Ángulo cómodo; debe sentirse cuádriceps, no dolor punzante."
4,D3 Legs,Hipertrofia pierna + tendón rodilla/isquio,"Carga moderada: RIR 2, no buscar PR",Principal,Squat libre,5,6,,92.5-95,RIR 2,3-1-1,2-4 min,Hipertrofia/fuerza basada en 100x7,Dolor permitido 0-3/10 durante; debe quedar igual o mejor a las 24h. Si >3/10 o peor mañana: baja 10-20% carga/volumen y acorta ROM.,"Cuando completes el tope de reps con RIR>=2 y regla 24h OK, sube 2.5 kg en básicos/máquinas o +1 rep por serie; accesorios +1-2 reps antes de subir peso.","No grinder; si la espalda baja molesta, cambia a hack de la fila siguiente."
4,D3 Legs,Hipertrofia pierna + tendón rodilla/isquio,"Carga moderada: RIR 2, no buscar PR",Alternativa si no hay squat,Hack squat,4,8,,105,RIR 2,3-1-2,2-3 min,Mismo objetivo con más estabilidad,Dolor permitido 0-3/10 durante; debe quedar igual o mejor a las 24h. Si >3/10 o peor mañana: baja 10-20% carga/volumen y acorta ROM.,"Cuando completes el tope de reps con RIR>=2 y regla 24h OK, sube 2.5 kg en básicos/máquinas o +1 rep por serie; accesorios +1-2 reps antes de subir peso.",Usa esta fila solo si ese día no haces squat libre.
4,D3 Legs,Hipertrofia pierna + tendón rodilla/isquio,"Carga moderada: RIR 2, no buscar PR",Accesorio,Isquio sentado,4,10,,50,RIR 2,3-1-2,90-120 s,Isquios y protección de rodilla,Dolor permitido 0-3/10 durante; debe quedar igual o mejor a las 24h. Si >3/10 o peor mañana: baja 10-20% carga/volumen y acorta ROM.,"Cuando completes el tope de reps con RIR>=2 y regla 24h OK, sube 2.5 kg en básicos/máquinas o +1 rep por serie; accesorios +1-2 reps antes de subir peso.",Pausa 1s abajo/contraído.
4,D3 Legs,Hipertrofia pierna + tendón rodilla/isquio,"Carga moderada: RIR 2, no buscar PR",Accesorio tendón,Extensión de cuadriceps slow,3,12-15,,ligero-moderado,RIR 3,3-1-3,90 s,HSR ligero/moderado para tendón de rodilla,Dolor permitido 0-3/10 durante; debe quedar igual o mejor a las 24h. Si >3/10 o peor mañana: baja 10-20% carga/volumen y acorta ROM.,"Cuando completes el tope de reps con RIR>=2 y regla 24h OK, sube 2.5 kg en básicos/máquinas o +1 rep por serie; accesorios +1-2 reps antes de subir peso.",Rango sin dolor; no bloquear agresivo.
4,D3 Legs,Hipertrofia pierna + tendón rodilla/isquio,"Carga moderada: RIR 2, no buscar PR",Accesorio,Pantorrilla de pie o prensa,4,12-15,,15-25 kg o 25 lb+,RIR 2-3,3-1-2,60-90 s,Tendón Aquiles/pantorrilla e hipertrofia,Dolor permitido 0-3/10 durante; debe quedar igual o mejor a las 24h. Si >3/10 o peor mañana: baja 10-20% carga/volumen y acorta ROM.,"Cuando completes el tope de reps con RIR>=2 y regla 24h OK, sube 2.5 kg en básicos/máquinas o +1 rep por serie; accesorios +1-2 reps antes de subir peso.",Sube por reps antes de subir carga.
4,D3 Legs,Hipertrofia pierna + tendón rodilla/isquio,"Carga moderada: RIR 2, no buscar PR",Core,Plancha / dead bug,3,30-45 s,,BW,controlado,controlado,60 s,Estabilidad para sentadilla,Dolor permitido 0-3/10 durante; debe quedar igual o mejor a las 24h. Si >3/10 o peor mañana: baja 10-20% carga/volumen y acorta ROM.,"Cuando completes el tope de reps con RIR>=2 y regla 24h OK, sube 2.5 kg en básicos/máquinas o +1 rep por serie; accesorios +1-2 reps antes de subir peso.",Sin dolor lumbar.
4,D4 Skill/Shoulder,Skill hombro + hipertrofia ligera + recuperación tendinosa,"Carga moderada: RIR 2, no buscar PR",Skill controlado,Handstand lean,5,25 s,,BW,técnico,controlado,60-90 s,Tolerancia de muñeca/hombro sin fatiga excesiva,Dolor permitido 0-3/10 durante; debe quedar igual o mejor a las 24h. Si >3/10 o peor mañana: baja 10-20% carga/volumen y acorta ROM.,"Cuando completes el tope de reps con RIR>=2 y regla 24h OK, sube 2.5 kg en básicos/máquinas o +1 rep por serie; accesorios +1-2 reps antes de subir peso.",Corta serie antes de perder posición.
4,D4 Skill/Shoulder,Skill hombro + hipertrofia ligera + recuperación tendinosa,"Carga moderada: RIR 2, no buscar PR",Skill excéntrico,Negative lean,4,6,,BW,RIR 2-3,5 s negativa,60-90 s,Control excéntrico hombro/escápula,Dolor permitido 0-3/10 durante; debe quedar igual o mejor a las 24h. Si >3/10 o peor mañana: baja 10-20% carga/volumen y acorta ROM.,"Cuando completes el tope de reps con RIR>=2 y regla 24h OK, sube 2.5 kg en básicos/máquinas o +1 rep por serie; accesorios +1-2 reps antes de subir peso.",Bajada de 5s; cero rebotes.
4,D4 Skill/Shoulder,Skill hombro + hipertrofia ligera + recuperación tendinosa,"Carga moderada: RIR 2, no buscar PR",Técnica,Muscle-up en anillas - práctica,6,2 reps técnicas,,banda si hace falta,RIR 3,controlado,2-3 min,Mantener habilidad sin irritar codo/hombro,Dolor permitido 0-3/10 durante; debe quedar igual o mejor a las 24h. Si >3/10 o peor mañana: baja 10-20% carga/volumen y acorta ROM.,"Cuando completes el tope de reps con RIR>=2 y regla 24h OK, sube 2.5 kg en básicos/máquinas o +1 rep por serie; accesorios +1-2 reps antes de subir peso.","No fallo. Si sientes tendón, cambia por transición en anillas bajas."
4,D4 Skill/Shoulder,Skill hombro + hipertrofia ligera + recuperación tendinosa,"Carga moderada: RIR 2, no buscar PR",Accesorio,Shoulder press ligero,3,10,,34,RIR 2-3,3-1-2,90-120 s,Volumen técnico adicional de hombro,Dolor permitido 0-3/10 durante; debe quedar igual o mejor a las 24h. Si >3/10 o peor mañana: baja 10-20% carga/volumen y acorta ROM.,"Cuando completes el tope de reps con RIR>=2 y regla 24h OK, sube 2.5 kg en básicos/máquinas o +1 rep por serie; accesorios +1-2 reps antes de subir peso.",Debe sentirse fácil y limpio.
4,D4 Skill/Shoulder,Skill hombro + hipertrofia ligera + recuperación tendinosa,"Carga moderada: RIR 2, no buscar PR",Accesorio,Elevación lateral,3,15-20,,ligero,RIR 3-4,2-1-2,60 s,Hipertrofia deltoide sin mucho estrés articular,Dolor permitido 0-3/10 durante; debe quedar igual o mejor a las 24h. Si >3/10 o peor mañana: baja 10-20% carga/volumen y acorta ROM.,"Cuando completes el tope de reps con RIR>=2 y regla 24h OK, sube 2.5 kg en básicos/máquinas o +1 rep por serie; accesorios +1-2 reps antes de subir peso.",No balancear.
4,D4 Skill/Shoulder,Skill hombro + hipertrofia ligera + recuperación tendinosa,"Carga moderada: RIR 2, no buscar PR",Prehab,YTWL / trap 3 raise,2-3,12-15,,muy ligero,RIR 4,2-1-2,45-60 s,Escápula y manguito rotador,Dolor permitido 0-3/10 durante; debe quedar igual o mejor a las 24h. Si >3/10 o peor mañana: baja 10-20% carga/volumen y acorta ROM.,"Cuando completes el tope de reps con RIR>=2 y regla 24h OK, sube 2.5 kg en básicos/máquinas o +1 rep por serie; accesorios +1-2 reps antes de subir peso.",Calidad > peso.
5,D1 Push,Hipertrofia pecho/hombro + descarga tendón hombro/codo,"Deload tendinoso: -30% volumen/carga, técnica limpia",Tendón/activación,"Isométrico empuje mid-range (pared o barra, sin dolor)",3-5,30-45 s,,40-60% esfuerzo,dolor <=3/10,isométrico,60-90 s,Analgesia y tolerancia de tendón antes de empujar,Dolor permitido 0-3/10 durante; debe quedar igual o mejor a las 24h. Si >3/10 o peor mañana: baja 10-20% carga/volumen y acorta ROM.,"Cuando completes el tope de reps con RIR>=2 y regla 24h OK, sube 2.5 kg en básicos/máquinas o +1 rep por serie; accesorios +1-2 reps antes de subir peso.",Codo/hombro en posición cómoda; no busques temblor máximo.
5,D1 Push,Hipertrofia pecho/hombro + descarga tendón hombro/codo,"Deload tendinoso: -30% volumen/carga, técnica limpia",Principal,Incline bench press,3,8,,57.5-60,RIR 4,3-1-2,2-3 min,Hipertrofia y fuerza submáxima basada en 70x10/80x5,Dolor permitido 0-3/10 durante; debe quedar igual o mejor a las 24h. Si >3/10 o peor mañana: baja 10-20% carga/volumen y acorta ROM.,"Cuando completes el tope de reps con RIR>=2 y regla 24h OK, sube 2.5 kg en básicos/máquinas o +1 rep por serie; accesorios +1-2 reps antes de subir peso.","No fallo; barra siempre rápida. Si hombro se siente raro, usa agarre un poco más cerrado."
5,D1 Push,Hipertrofia pecho/hombro + descarga tendón hombro/codo,"Deload tendinoso: -30% volumen/carga, técnica limpia",Accesorio,Peck deck,2,12,,50-52.5,RIR 4,3-1-2,90-120 s,Volumen de pecho con baja demanda técnica,Dolor permitido 0-3/10 durante; debe quedar igual o mejor a las 24h. Si >3/10 o peor mañana: baja 10-20% carga/volumen y acorta ROM.,"Cuando completes el tope de reps con RIR>=2 y regla 24h OK, sube 2.5 kg en básicos/máquinas o +1 rep por serie; accesorios +1-2 reps antes de subir peso.",Mantén escápulas fijas; no estires agresivo abajo.
5,D1 Push,Hipertrofia pecho/hombro + descarga tendón hombro/codo,"Deload tendinoso: -30% volumen/carga, técnica limpia",Accesorio,Shoulder press,2,10,,28-30,RIR 4,3-1-2,2 min,Deltoide/press sin llegar al límite,Dolor permitido 0-3/10 durante; debe quedar igual o mejor a las 24h. Si >3/10 o peor mañana: baja 10-20% carga/volumen y acorta ROM.,"Cuando completes el tope de reps con RIR>=2 y regla 24h OK, sube 2.5 kg en básicos/máquinas o +1 rep por serie; accesorios +1-2 reps antes de subir peso.","Recorrido limpio; si molesta, cambia a mancuernas o landmine."
5,D1 Push,Hipertrofia pecho/hombro + descarga tendón hombro/codo,"Deload tendinoso: -30% volumen/carga, técnica limpia",Accesorio controlado,Dips,2,8,,BW o asistido,RIR 4,3-1-2,2 min,Mantener patrón sin irritar tendón anterior/hombro,Dolor permitido 0-3/10 durante; debe quedar igual o mejor a las 24h. Si >3/10 o peor mañana: baja 10-20% carga/volumen y acorta ROM.,"Cuando completes el tope de reps con RIR>=2 y regla 24h OK, sube 2.5 kg en básicos/máquinas o +1 rep por serie; accesorios +1-2 reps antes de subir peso.",Prohibido fallo las primeras 7 semanas; profundidad solo hasta donde no moleste.
5,D1 Push,Hipertrofia pecho/hombro + descarga tendón hombro/codo,"Deload tendinoso: -30% volumen/carga, técnica limpia",Prehab,Rotación externa banda/cable,3,15-20,,ligero,RIR 4,2-1-2,45-60 s,Manguito rotador y estabilidad escapular,Dolor permitido 0-3/10 durante; debe quedar igual o mejor a las 24h. Si >3/10 o peor mañana: baja 10-20% carga/volumen y acorta ROM.,"Cuando completes el tope de reps con RIR>=2 y regla 24h OK, sube 2.5 kg en básicos/máquinas o +1 rep por serie; accesorios +1-2 reps antes de subir peso.","Que queme músculo, no tendón/articulación."
5,D2 Pull,Hipertrofia espalda/bíceps + tolerancia tendón codo,"Deload tendinoso: -30% volumen/carga, técnica limpia",Tendón/activación,Isométrico curl martillo a 90°,3-5,30-45 s,,moderado,dolor <=3/10,isométrico,60-90 s,Preparar tendón de bíceps/antebrazo,Dolor permitido 0-3/10 durante; debe quedar igual o mejor a las 24h. Si >3/10 o peor mañana: baja 10-20% carga/volumen y acorta ROM.,"Cuando completes el tope de reps con RIR>=2 y regla 24h OK, sube 2.5 kg en básicos/máquinas o +1 rep por serie; accesorios +1-2 reps antes de subir peso.","Muñeca neutra; si se irrita, cambia por agarre pronado."
5,D2 Pull,Hipertrofia espalda/bíceps + tolerancia tendón codo,"Deload tendinoso: -30% volumen/carga, técnica limpia",Principal,Supine pull-up / dominada supina,3,6,,BW,RIR 4,3-1-2,2-3 min,Mantener fuerza con menos estrés que tus +40 kg pesados,Dolor permitido 0-3/10 durante; debe quedar igual o mejor a las 24h. Si >3/10 o peor mañana: baja 10-20% carga/volumen y acorta ROM.,"Cuando completes el tope de reps con RIR>=2 y regla 24h OK, sube 2.5 kg en básicos/máquinas o +1 rep por serie; accesorios +1-2 reps antes de subir peso.","Pecho hacia barra, bajada lenta; no busques fallo."
5,D2 Pull,Hipertrofia espalda/bíceps + tolerancia tendón codo,"Deload tendinoso: -30% volumen/carga, técnica limpia",Principal accesorio,Gironda row,2,12,,45-48,RIR 4,3-1-2,2 min,Volumen de dorsales/romboides basado en 54x10,Dolor permitido 0-3/10 durante; debe quedar igual o mejor a las 24h. Si >3/10 o peor mañana: baja 10-20% carga/volumen y acorta ROM.,"Cuando completes el tope de reps con RIR>=2 y regla 24h OK, sube 2.5 kg en básicos/máquinas o +1 rep por serie; accesorios +1-2 reps antes de subir peso.",Pausa 1s contraído; evita tirones.
5,D2 Pull,Hipertrofia espalda/bíceps + tolerancia tendón codo,"Deload tendinoso: -30% volumen/carga, técnica limpia",Control escapular,Scap pull-ups,3,10-12,,BW,RIR 4,2-1-2,60-90 s,Técnica de dominada y descarga de codo,Dolor permitido 0-3/10 durante; debe quedar igual o mejor a las 24h. Si >3/10 o peor mañana: baja 10-20% carga/volumen y acorta ROM.,"Cuando completes el tope de reps con RIR>=2 y regla 24h OK, sube 2.5 kg en básicos/máquinas o +1 rep por serie; accesorios +1-2 reps antes de subir peso.","Solo movimiento escapular, brazos largos."
5,D2 Pull,Hipertrofia espalda/bíceps + tolerancia tendón codo,"Deload tendinoso: -30% volumen/carga, técnica limpia",Accesorio tendón,Hammer curl slow,2-3,12-15,,ligero-moderado,RIR 3-4,3-1-3,60-90 s,Carga lenta para tendón de codo/bíceps,Dolor permitido 0-3/10 durante; debe quedar igual o mejor a las 24h. Si >3/10 o peor mañana: baja 10-20% carga/volumen y acorta ROM.,"Cuando completes el tope de reps con RIR>=2 y regla 24h OK, sube 2.5 kg en básicos/máquinas o +1 rep por serie; accesorios +1-2 reps antes de subir peso.",Sube peso solo si no hay dolor al día siguiente.
5,D2 Pull,Hipertrofia espalda/bíceps + tolerancia tendón codo,"Deload tendinoso: -30% volumen/carga, técnica limpia",Prehab,Face pull / rear delt,3,15-20,,ligero,RIR 4,2-1-2,60 s,Salud de hombro y postura,Dolor permitido 0-3/10 durante; debe quedar igual o mejor a las 24h. Si >3/10 o peor mañana: baja 10-20% carga/volumen y acorta ROM.,"Cuando completes el tope de reps con RIR>=2 y regla 24h OK, sube 2.5 kg en básicos/máquinas o +1 rep por serie; accesorios +1-2 reps antes de subir peso.",Codos altos sin dolor.
5,D3 Legs,Hipertrofia pierna + tendón rodilla/isquio,"Deload tendinoso: -30% volumen/carga, técnica limpia",Tendón/activación,Spanish squat o extensión isométrica,5,30-45 s,,moderado,dolor <=3/10,isométrico,60-90 s,Tolerancia de tendón rotuliano/cuádriceps,Dolor permitido 0-3/10 durante; debe quedar igual o mejor a las 24h. Si >3/10 o peor mañana: baja 10-20% carga/volumen y acorta ROM.,"Cuando completes el tope de reps con RIR>=2 y regla 24h OK, sube 2.5 kg en básicos/máquinas o +1 rep por serie; accesorios +1-2 reps antes de subir peso.","Ángulo cómodo; debe sentirse cuádriceps, no dolor punzante."
5,D3 Legs,Hipertrofia pierna + tendón rodilla/isquio,"Deload tendinoso: -30% volumen/carga, técnica limpia",Principal,Squat libre,3,6,,72.5-75,RIR 4,3-1-2,2-4 min,Hipertrofia/fuerza basada en 100x7,Dolor permitido 0-3/10 durante; debe quedar igual o mejor a las 24h. Si >3/10 o peor mañana: baja 10-20% carga/volumen y acorta ROM.,"Cuando completes el tope de reps con RIR>=2 y regla 24h OK, sube 2.5 kg en básicos/máquinas o +1 rep por serie; accesorios +1-2 reps antes de subir peso.","No grinder; si la espalda baja molesta, cambia a hack de la fila siguiente."
5,D3 Legs,Hipertrofia pierna + tendón rodilla/isquio,"Deload tendinoso: -30% volumen/carga, técnica limpia",Alternativa si no hay squat,Hack squat,2,10,,80-85,RIR 4,3-1-2,2-3 min,Mismo objetivo con más estabilidad,Dolor permitido 0-3/10 durante; debe quedar igual o mejor a las 24h. Si >3/10 o peor mañana: baja 10-20% carga/volumen y acorta ROM.,"Cuando completes el tope de reps con RIR>=2 y regla 24h OK, sube 2.5 kg en básicos/máquinas o +1 rep por serie; accesorios +1-2 reps antes de subir peso.",Usa esta fila solo si ese día no haces squat libre.
5,D3 Legs,Hipertrofia pierna + tendón rodilla/isquio,"Deload tendinoso: -30% volumen/carga, técnica limpia",Accesorio,Isquio sentado,2,12,,36-41,RIR 4,3-1-2,90-120 s,Isquios y protección de rodilla,Dolor permitido 0-3/10 durante; debe quedar igual o mejor a las 24h. Si >3/10 o peor mañana: baja 10-20% carga/volumen y acorta ROM.,"Cuando completes el tope de reps con RIR>=2 y regla 24h OK, sube 2.5 kg en básicos/máquinas o +1 rep por serie; accesorios +1-2 reps antes de subir peso.",Pausa 1s abajo/contraído.
5,D3 Legs,Hipertrofia pierna + tendón rodilla/isquio,"Deload tendinoso: -30% volumen/carga, técnica limpia",Accesorio tendón,Extensión de cuadriceps slow,3,12-15,,ligero-moderado,RIR 3,3-1-3,90 s,HSR ligero/moderado para tendón de rodilla,Dolor permitido 0-3/10 durante; debe quedar igual o mejor a las 24h. Si >3/10 o peor mañana: baja 10-20% carga/volumen y acorta ROM.,"Cuando completes el tope de reps con RIR>=2 y regla 24h OK, sube 2.5 kg en básicos/máquinas o +1 rep por serie; accesorios +1-2 reps antes de subir peso.",Rango sin dolor; no bloquear agresivo.
5,D3 Legs,Hipertrofia pierna + tendón rodilla/isquio,"Deload tendinoso: -30% volumen/carga, técnica limpia",Accesorio,Pantorrilla de pie o prensa,4,12-15,,15-25 kg o 25 lb+,RIR 2-3,3-1-2,60-90 s,Tendón Aquiles/pantorrilla e hipertrofia,Dolor permitido 0-3/10 durante; debe quedar igual o mejor a las 24h. Si >3/10 o peor mañana: baja 10-20% carga/volumen y acorta ROM.,"Cuando completes el tope de reps con RIR>=2 y regla 24h OK, sube 2.5 kg en básicos/máquinas o +1 rep por serie; accesorios +1-2 reps antes de subir peso.",Sube por reps antes de subir carga.
5,D3 Legs,Hipertrofia pierna + tendón rodilla/isquio,"Deload tendinoso: -30% volumen/carga, técnica limpia",Core,Plancha / dead bug,3,30-45 s,,BW,controlado,controlado,60 s,Estabilidad para sentadilla,Dolor permitido 0-3/10 durante; debe quedar igual o mejor a las 24h. Si >3/10 o peor mañana: baja 10-20% carga/volumen y acorta ROM.,"Cuando completes el tope de reps con RIR>=2 y regla 24h OK, sube 2.5 kg en básicos/máquinas o +1 rep por serie; accesorios +1-2 reps antes de subir peso.",Sin dolor lumbar.
5,D4 Skill/Shoulder,Skill hombro + hipertrofia ligera + recuperación tendinosa,"Deload tendinoso: -30% volumen/carga, técnica limpia",Skill controlado,Handstand lean,3,15 s,,BW,fácil,controlado,60-90 s,Tolerancia de muñeca/hombro sin fatiga excesiva,Dolor permitido 0-3/10 durante; debe quedar igual o mejor a las 24h. Si >3/10 o peor mañana: baja 10-20% carga/volumen y acorta ROM.,"Cuando completes el tope de reps con RIR>=2 y regla 24h OK, sube 2.5 kg en básicos/máquinas o +1 rep por serie; accesorios +1-2 reps antes de subir peso.",Corta serie antes de perder posición.
5,D4 Skill/Shoulder,Skill hombro + hipertrofia ligera + recuperación tendinosa,"Deload tendinoso: -30% volumen/carga, técnica limpia",Skill excéntrico,Negative lean,2,5,,BW,fácil,5 s negativa,60-90 s,Control excéntrico hombro/escápula,Dolor permitido 0-3/10 durante; debe quedar igual o mejor a las 24h. Si >3/10 o peor mañana: baja 10-20% carga/volumen y acorta ROM.,"Cuando completes el tope de reps con RIR>=2 y regla 24h OK, sube 2.5 kg en básicos/máquinas o +1 rep por serie; accesorios +1-2 reps antes de subir peso.",Bajada de 5s; cero rebotes.
5,D4 Skill/Shoulder,Skill hombro + hipertrofia ligera + recuperación tendinosa,"Deload tendinoso: -30% volumen/carga, técnica limpia",Técnica,Muscle-up en anillas - práctica,0-2,solo técnica fácil,,banda/anillas bajas,fácil,controlado,2-3 min,Mantener habilidad sin irritar codo/hombro,Dolor permitido 0-3/10 durante; debe quedar igual o mejor a las 24h. Si >3/10 o peor mañana: baja 10-20% carga/volumen y acorta ROM.,"Cuando completes el tope de reps con RIR>=2 y regla 24h OK, sube 2.5 kg en básicos/máquinas o +1 rep por serie; accesorios +1-2 reps antes de subir peso.","No fallo. Si sientes tendón, cambia por transición en anillas bajas."
5,D4 Skill/Shoulder,Skill hombro + hipertrofia ligera + recuperación tendinosa,"Deload tendinoso: -30% volumen/carga, técnica limpia",Accesorio,Shoulder press ligero,2,12,,24-26,RIR 5,3-1-2,90-120 s,Volumen técnico adicional de hombro,Dolor permitido 0-3/10 durante; debe quedar igual o mejor a las 24h. Si >3/10 o peor mañana: baja 10-20% carga/volumen y acorta ROM.,"Cuando completes el tope de reps con RIR>=2 y regla 24h OK, sube 2.5 kg en básicos/máquinas o +1 rep por serie; accesorios +1-2 reps antes de subir peso.",Debe sentirse fácil y limpio.
5,D4 Skill/Shoulder,Skill hombro + hipertrofia ligera + recuperación tendinosa,"Deload tendinoso: -30% volumen/carga, técnica limpia",Accesorio,Elevación lateral,3,15-20,,ligero,RIR 3-4,2-1-2,60 s,Hipertrofia deltoide sin mucho estrés articular,Dolor permitido 0-3/10 durante; debe quedar igual o mejor a las 24h. Si >3/10 o peor mañana: baja 10-20% carga/volumen y acorta ROM.,"Cuando completes el tope de reps con RIR>=2 y regla 24h OK, sube 2.5 kg en básicos/máquinas o +1 rep por serie; accesorios +1-2 reps antes de subir peso.",No balancear.
5,D4 Skill/Shoulder,Skill hombro + hipertrofia ligera + recuperación tendinosa,"Deload tendinoso: -30% volumen/carga, técnica limpia",Prehab,YTWL / trap 3 raise,2-3,12-15,,muy ligero,RIR 4,2-1-2,45-60 s,Escápula y manguito rotador,Dolor permitido 0-3/10 durante; debe quedar igual o mejor a las 24h. Si >3/10 o peor mañana: baja 10-20% carga/volumen y acorta ROM.,"Cuando completes el tope de reps con RIR>=2 y regla 24h OK, sube 2.5 kg en básicos/máquinas o +1 rep por serie; accesorios +1-2 reps antes de subir peso.",Calidad > peso.
6,D1 Push,Hipertrofia pecho/hombro + descarga tendón hombro/codo,"Reacumulación: vuelve a cargas útiles, RIR 2",Tendón/activación,"Isométrico empuje mid-range (pared o barra, sin dolor)",3-5,30-45 s,,40-60% esfuerzo,dolor <=3/10,isométrico,60-90 s,Analgesia y tolerancia de tendón antes de empujar,Dolor permitido 0-3/10 durante; debe quedar igual o mejor a las 24h. Si >3/10 o peor mañana: baja 10-20% carga/volumen y acorta ROM.,"Cuando completes el tope de reps con RIR>=2 y regla 24h OK, sube 2.5 kg en básicos/máquinas o +1 rep por serie; accesorios +1-2 reps antes de subir peso.",Codo/hombro en posición cómoda; no busques temblor máximo.
6,D1 Push,Hipertrofia pecho/hombro + descarga tendón hombro/codo,"Reacumulación: vuelve a cargas útiles, RIR 2",Principal,Incline bench press,4,8,,70,RIR 2,3-1-1,2-3 min,Hipertrofia y fuerza submáxima basada en 70x10/80x5,Dolor permitido 0-3/10 durante; debe quedar igual o mejor a las 24h. Si >3/10 o peor mañana: baja 10-20% carga/volumen y acorta ROM.,"Cuando completes el tope de reps con RIR>=2 y regla 24h OK, sube 2.5 kg en básicos/máquinas o +1 rep por serie; accesorios +1-2 reps antes de subir peso.","No fallo; barra siempre rápida. Si hombro se siente raro, usa agarre un poco más cerrado."
6,D1 Push,Hipertrofia pecho/hombro + descarga tendón hombro/codo,"Reacumulación: vuelve a cargas útiles, RIR 2",Accesorio,Peck deck,4,10,,62.5-65,RIR 2,3-1-2,90-120 s,Volumen de pecho con baja demanda técnica,Dolor permitido 0-3/10 durante; debe quedar igual o mejor a las 24h. Si >3/10 o peor mañana: baja 10-20% carga/volumen y acorta ROM.,"Cuando completes el tope de reps con RIR>=2 y regla 24h OK, sube 2.5 kg en básicos/máquinas o +1 rep por serie; accesorios +1-2 reps antes de subir peso.",Mantén escápulas fijas; no estires agresivo abajo.
6,D1 Push,Hipertrofia pecho/hombro + descarga tendón hombro/codo,"Reacumulación: vuelve a cargas útiles, RIR 2",Accesorio,Shoulder press,4,8,,38,RIR 2,3-1-1,2 min,Deltoide/press sin llegar al límite,Dolor permitido 0-3/10 durante; debe quedar igual o mejor a las 24h. Si >3/10 o peor mañana: baja 10-20% carga/volumen y acorta ROM.,"Cuando completes el tope de reps con RIR>=2 y regla 24h OK, sube 2.5 kg en básicos/máquinas o +1 rep por serie; accesorios +1-2 reps antes de subir peso.","Recorrido limpio; si molesta, cambia a mancuernas o landmine."
6,D1 Push,Hipertrofia pecho/hombro + descarga tendón hombro/codo,"Reacumulación: vuelve a cargas útiles, RIR 2",Accesorio controlado,Dips,3,10,,BW,RIR 2-3,3-1-2,2 min,Mantener patrón sin irritar tendón anterior/hombro,Dolor permitido 0-3/10 durante; debe quedar igual o mejor a las 24h. Si >3/10 o peor mañana: baja 10-20% carga/volumen y acorta ROM.,"Cuando completes el tope de reps con RIR>=2 y regla 24h OK, sube 2.5 kg en básicos/máquinas o +1 rep por serie; accesorios +1-2 reps antes de subir peso.",Prohibido fallo las primeras 7 semanas; profundidad solo hasta donde no moleste.
6,D1 Push,Hipertrofia pecho/hombro + descarga tendón hombro/codo,"Reacumulación: vuelve a cargas útiles, RIR 2",Prehab,Rotación externa banda/cable,3,15-20,,ligero,RIR 4,2-1-2,45-60 s,Manguito rotador y estabilidad escapular,Dolor permitido 0-3/10 durante; debe quedar igual o mejor a las 24h. Si >3/10 o peor mañana: baja 10-20% carga/volumen y acorta ROM.,"Cuando completes el tope de reps con RIR>=2 y regla 24h OK, sube 2.5 kg en básicos/máquinas o +1 rep por serie; accesorios +1-2 reps antes de subir peso.","Que queme músculo, no tendón/articulación."
6,D2 Pull,Hipertrofia espalda/bíceps + tolerancia tendón codo,"Reacumulación: vuelve a cargas útiles, RIR 2",Tendón/activación,Isométrico curl martillo a 90°,3-5,30-45 s,,moderado,dolor <=3/10,isométrico,60-90 s,Preparar tendón de bíceps/antebrazo,Dolor permitido 0-3/10 durante; debe quedar igual o mejor a las 24h. Si >3/10 o peor mañana: baja 10-20% carga/volumen y acorta ROM.,"Cuando completes el tope de reps con RIR>=2 y regla 24h OK, sube 2.5 kg en básicos/máquinas o +1 rep por serie; accesorios +1-2 reps antes de subir peso.","Muñeca neutra; si se irrita, cambia por agarre pronado."
6,D2 Pull,Hipertrofia espalda/bíceps + tolerancia tendón codo,"Reacumulación: vuelve a cargas útiles, RIR 2",Principal,Supine pull-up / dominada supina,4,6,,BW + 10 kg,RIR 2,3-1-1,2-3 min,Mantener fuerza con menos estrés que tus +40 kg pesados,Dolor permitido 0-3/10 durante; debe quedar igual o mejor a las 24h. Si >3/10 o peor mañana: baja 10-20% carga/volumen y acorta ROM.,"Cuando completes el tope de reps con RIR>=2 y regla 24h OK, sube 2.5 kg en básicos/máquinas o +1 rep por serie; accesorios +1-2 reps antes de subir peso.","Pecho hacia barra, bajada lenta; no busques fallo."
6,D2 Pull,Hipertrofia espalda/bíceps + tolerancia tendón codo,"Reacumulación: vuelve a cargas útiles, RIR 2",Principal accesorio,Gironda row,4,10,,56,RIR 2,3-1-2,2 min,Volumen de dorsales/romboides basado en 54x10,Dolor permitido 0-3/10 durante; debe quedar igual o mejor a las 24h. Si >3/10 o peor mañana: baja 10-20% carga/volumen y acorta ROM.,"Cuando completes el tope de reps con RIR>=2 y regla 24h OK, sube 2.5 kg en básicos/máquinas o +1 rep por serie; accesorios +1-2 reps antes de subir peso.",Pausa 1s contraído; evita tirones.
6,D2 Pull,Hipertrofia espalda/bíceps + tolerancia tendón codo,"Reacumulación: vuelve a cargas útiles, RIR 2",Control escapular,Scap pull-ups,3,10-12,,BW,RIR 4,2-1-2,60-90 s,Técnica de dominada y descarga de codo,Dolor permitido 0-3/10 durante; debe quedar igual o mejor a las 24h. Si >3/10 o peor mañana: baja 10-20% carga/volumen y acorta ROM.,"Cuando completes el tope de reps con RIR>=2 y regla 24h OK, sube 2.5 kg en básicos/máquinas o +1 rep por serie; accesorios +1-2 reps antes de subir peso.","Solo movimiento escapular, brazos largos."
6,D2 Pull,Hipertrofia espalda/bíceps + tolerancia tendón codo,"Reacumulación: vuelve a cargas útiles, RIR 2",Accesorio tendón,Hammer curl slow,2-3,12-15,,ligero-moderado,RIR 3-4,3-1-3,60-90 s,Carga lenta para tendón de codo/bíceps,Dolor permitido 0-3/10 durante; debe quedar igual o mejor a las 24h. Si >3/10 o peor mañana: baja 10-20% carga/volumen y acorta ROM.,"Cuando completes el tope de reps con RIR>=2 y regla 24h OK, sube 2.5 kg en básicos/máquinas o +1 rep por serie; accesorios +1-2 reps antes de subir peso.",Sube peso solo si no hay dolor al día siguiente.
6,D2 Pull,Hipertrofia espalda/bíceps + tolerancia tendón codo,"Reacumulación: vuelve a cargas útiles, RIR 2",Prehab,Face pull / rear delt,3,15-20,,ligero,RIR 4,2-1-2,60 s,Salud de hombro y postura,Dolor permitido 0-3/10 durante; debe quedar igual o mejor a las 24h. Si >3/10 o peor mañana: baja 10-20% carga/volumen y acorta ROM.,"Cuando completes el tope de reps con RIR>=2 y regla 24h OK, sube 2.5 kg en básicos/máquinas o +1 rep por serie; accesorios +1-2 reps antes de subir peso.",Codos altos sin dolor.
6,D3 Legs,Hipertrofia pierna + tendón rodilla/isquio,"Reacumulación: vuelve a cargas útiles, RIR 2",Tendón/activación,Spanish squat o extensión isométrica,5,30-45 s,,moderado,dolor <=3/10,isométrico,60-90 s,Tolerancia de tendón rotuliano/cuádriceps,Dolor permitido 0-3/10 durante; debe quedar igual o mejor a las 24h. Si >3/10 o peor mañana: baja 10-20% carga/volumen y acorta ROM.,"Cuando completes el tope de reps con RIR>=2 y regla 24h OK, sube 2.5 kg en básicos/máquinas o +1 rep por serie; accesorios +1-2 reps antes de subir peso.","Ángulo cómodo; debe sentirse cuádriceps, no dolor punzante."
6,D3 Legs,Hipertrofia pierna + tendón rodilla/isquio,"Reacumulación: vuelve a cargas útiles, RIR 2",Principal,Squat libre,4,6,,95,RIR 2,3-1-1,2-4 min,Hipertrofia/fuerza basada en 100x7,Dolor permitido 0-3/10 durante; debe quedar igual o mejor a las 24h. Si >3/10 o peor mañana: baja 10-20% carga/volumen y acorta ROM.,"Cuando completes el tope de reps con RIR>=2 y regla 24h OK, sube 2.5 kg en básicos/máquinas o +1 rep por serie; accesorios +1-2 reps antes de subir peso.","No grinder; si la espalda baja molesta, cambia a hack de la fila siguiente."
6,D3 Legs,Hipertrofia pierna + tendón rodilla/isquio,"Reacumulación: vuelve a cargas útiles, RIR 2",Alternativa si no hay squat,Hack squat,4,8,,107,RIR 2,3-1-2,2-3 min,Mismo objetivo con más estabilidad,Dolor permitido 0-3/10 durante; debe quedar igual o mejor a las 24h. Si >3/10 o peor mañana: baja 10-20% carga/volumen y acorta ROM.,"Cuando completes el tope de reps con RIR>=2 y regla 24h OK, sube 2.5 kg en básicos/máquinas o +1 rep por serie; accesorios +1-2 reps antes de subir peso.",Usa esta fila solo si ese día no haces squat libre.
6,D3 Legs,Hipertrofia pierna + tendón rodilla/isquio,"Reacumulación: vuelve a cargas útiles, RIR 2",Accesorio,Isquio sentado,4,10,,50,RIR 2,3-1-2,90-120 s,Isquios y protección de rodilla,Dolor permitido 0-3/10 durante; debe quedar igual o mejor a las 24h. Si >3/10 o peor mañana: baja 10-20% carga/volumen y acorta ROM.,"Cuando completes el tope de reps con RIR>=2 y regla 24h OK, sube 2.5 kg en básicos/máquinas o +1 rep por serie; accesorios +1-2 reps antes de subir peso.",Pausa 1s abajo/contraído.
6,D3 Legs,Hipertrofia pierna + tendón rodilla/isquio,"Reacumulación: vuelve a cargas útiles, RIR 2",Accesorio tendón,Extensión de cuadriceps slow,3,12-15,,ligero-moderado,RIR 3,3-1-3,90 s,HSR ligero/moderado para tendón de rodilla,Dolor permitido 0-3/10 durante; debe quedar igual o mejor a las 24h. Si >3/10 o peor mañana: baja 10-20% carga/volumen y acorta ROM.,"Cuando completes el tope de reps con RIR>=2 y regla 24h OK, sube 2.5 kg en básicos/máquinas o +1 rep por serie; accesorios +1-2 reps antes de subir peso.",Rango sin dolor; no bloquear agresivo.
6,D3 Legs,Hipertrofia pierna + tendón rodilla/isquio,"Reacumulación: vuelve a cargas útiles, RIR 2",Accesorio,Pantorrilla de pie o prensa,4,12-15,,15-25 kg o 25 lb+,RIR 2-3,3-1-2,60-90 s,Tendón Aquiles/pantorrilla e hipertrofia,Dolor permitido 0-3/10 durante; debe quedar igual o mejor a las 24h. Si >3/10 o peor mañana: baja 10-20% carga/volumen y acorta ROM.,"Cuando completes el tope de reps con RIR>=2 y regla 24h OK, sube 2.5 kg en básicos/máquinas o +1 rep por serie; accesorios +1-2 reps antes de subir peso.",Sube por reps antes de subir carga.
6,D3 Legs,Hipertrofia pierna + tendón rodilla/isquio,"Reacumulación: vuelve a cargas útiles, RIR 2",Core,Plancha / dead bug,3,30-45 s,,BW,controlado,controlado,60 s,Estabilidad para sentadilla,Dolor permitido 0-3/10 durante; debe quedar igual o mejor a las 24h. Si >3/10 o peor mañana: baja 10-20% carga/volumen y acorta ROM.,"Cuando completes el tope de reps con RIR>=2 y regla 24h OK, sube 2.5 kg en básicos/máquinas o +1 rep por serie; accesorios +1-2 reps antes de subir peso.",Sin dolor lumbar.
6,D4 Skill/Shoulder,Skill hombro + hipertrofia ligera + recuperación tendinosa,"Reacumulación: vuelve a cargas útiles, RIR 2",Skill controlado,Handstand lean,5,25 s,,BW,técnico,controlado,60-90 s,Tolerancia de muñeca/hombro sin fatiga excesiva,Dolor permitido 0-3/10 durante; debe quedar igual o mejor a las 24h. Si >3/10 o peor mañana: baja 10-20% carga/volumen y acorta ROM.,"Cuando completes el tope de reps con RIR>=2 y regla 24h OK, sube 2.5 kg en básicos/máquinas o +1 rep por serie; accesorios +1-2 reps antes de subir peso.",Corta serie antes de perder posición.
6,D4 Skill/Shoulder,Skill hombro + hipertrofia ligera + recuperación tendinosa,"Reacumulación: vuelve a cargas útiles, RIR 2",Skill excéntrico,Negative lean,4,6,,BW,RIR 2-3,5 s negativa,60-90 s,Control excéntrico hombro/escápula,Dolor permitido 0-3/10 durante; debe quedar igual o mejor a las 24h. Si >3/10 o peor mañana: baja 10-20% carga/volumen y acorta ROM.,"Cuando completes el tope de reps con RIR>=2 y regla 24h OK, sube 2.5 kg en básicos/máquinas o +1 rep por serie; accesorios +1-2 reps antes de subir peso.",Bajada de 5s; cero rebotes.
6,D4 Skill/Shoulder,Skill hombro + hipertrofia ligera + recuperación tendinosa,"Reacumulación: vuelve a cargas útiles, RIR 2",Técnica,Muscle-up en anillas - práctica,5,2 reps técnicas,,banda si hace falta,RIR 3,controlado,2-3 min,Mantener habilidad sin irritar codo/hombro,Dolor permitido 0-3/10 durante; debe quedar igual o mejor a las 24h. Si >3/10 o peor mañana: baja 10-20% carga/volumen y acorta ROM.,"Cuando completes el tope de reps con RIR>=2 y regla 24h OK, sube 2.5 kg en básicos/máquinas o +1 rep por serie; accesorios +1-2 reps antes de subir peso.","No fallo. Si sientes tendón, cambia por transición en anillas bajas."
6,D4 Skill/Shoulder,Skill hombro + hipertrofia ligera + recuperación tendinosa,"Reacumulación: vuelve a cargas útiles, RIR 2",Accesorio,Shoulder press ligero,3,10,,34,RIR 2-3,3-1-2,90-120 s,Volumen técnico adicional de hombro,Dolor permitido 0-3/10 durante; debe quedar igual o mejor a las 24h. Si >3/10 o peor mañana: baja 10-20% carga/volumen y acorta ROM.,"Cuando completes el tope de reps con RIR>=2 y regla 24h OK, sube 2.5 kg en básicos/máquinas o +1 rep por serie; accesorios +1-2 reps antes de subir peso.",Debe sentirse fácil y limpio.
6,D4 Skill/Shoulder,Skill hombro + hipertrofia ligera + recuperación tendinosa,"Reacumulación: vuelve a cargas útiles, RIR 2",Accesorio,Elevación lateral,3,15-20,,ligero,RIR 3-4,2-1-2,60 s,Hipertrofia deltoide sin mucho estrés articular,Dolor permitido 0-3/10 durante; debe quedar igual o mejor a las 24h. Si >3/10 o peor mañana: baja 10-20% carga/volumen y acorta ROM.,"Cuando completes el tope de reps con RIR>=2 y regla 24h OK, sube 2.5 kg en básicos/máquinas o +1 rep por serie; accesorios +1-2 reps antes de subir peso.",No balancear.
6,D4 Skill/Shoulder,Skill hombro + hipertrofia ligera + recuperación tendinosa,"Reacumulación: vuelve a cargas útiles, RIR 2",Prehab,YTWL / trap 3 raise,2-3,12-15,,muy ligero,RIR 4,2-1-2,45-60 s,Escápula y manguito rotador,Dolor permitido 0-3/10 durante; debe quedar igual o mejor a las 24h. Si >3/10 o peor mañana: baja 10-20% carga/volumen y acorta ROM.,"Cuando completes el tope de reps con RIR>=2 y regla 24h OK, sube 2.5 kg en básicos/máquinas o +1 rep por serie; accesorios +1-2 reps antes de subir peso.",Calidad > peso.
7,D1 Push,Hipertrofia pecho/hombro + descarga tendón hombro/codo,"Pesada submáxima: baja reps, sin grinding",Tendón/activación,"Isométrico empuje mid-range (pared o barra, sin dolor)",3-5,30-45 s,,40-60% esfuerzo,dolor <=3/10,isométrico,60-90 s,Analgesia y tolerancia de tendón antes de empujar,Dolor permitido 0-3/10 durante; debe quedar igual o mejor a las 24h. Si >3/10 o peor mañana: baja 10-20% carga/volumen y acorta ROM.,"Cuando completes el tope de reps con RIR>=2 y regla 24h OK, sube 2.5 kg en básicos/máquinas o +1 rep por serie; accesorios +1-2 reps antes de subir peso.",Codo/hombro en posición cómoda; no busques temblor máximo.
7,D1 Push,Hipertrofia pecho/hombro + descarga tendón hombro/codo,"Pesada submáxima: baja reps, sin grinding",Principal,Incline bench press,5,6,,72.5-75,RIR 2,3-1-1,2-3 min,Hipertrofia y fuerza submáxima basada en 70x10/80x5,Dolor permitido 0-3/10 durante; debe quedar igual o mejor a las 24h. Si >3/10 o peor mañana: baja 10-20% carga/volumen y acorta ROM.,"Cuando completes el tope de reps con RIR>=2 y regla 24h OK, sube 2.5 kg en básicos/máquinas o +1 rep por serie; accesorios +1-2 reps antes de subir peso.","No fallo; barra siempre rápida. Si hombro se siente raro, usa agarre un poco más cerrado."
7,D1 Push,Hipertrofia pecho/hombro + descarga tendón hombro/codo,"Pesada submáxima: baja reps, sin grinding",Accesorio,Peck deck,4,8-10,,65-67.5,RIR 2,3-1-2,90-120 s,Volumen de pecho con baja demanda técnica,Dolor permitido 0-3/10 durante; debe quedar igual o mejor a las 24h. Si >3/10 o peor mañana: baja 10-20% carga/volumen y acorta ROM.,"Cuando completes el tope de reps con RIR>=2 y regla 24h OK, sube 2.5 kg en básicos/máquinas o +1 rep por serie; accesorios +1-2 reps antes de subir peso.",Mantén escápulas fijas; no estires agresivo abajo.
7,D1 Push,Hipertrofia pecho/hombro + descarga tendón hombro/codo,"Pesada submáxima: baja reps, sin grinding",Accesorio,Shoulder press,4,6-8,,40-41,RIR 2,3-1-1,2 min,Deltoide/press sin llegar al límite,Dolor permitido 0-3/10 durante; debe quedar igual o mejor a las 24h. Si >3/10 o peor mañana: baja 10-20% carga/volumen y acorta ROM.,"Cuando completes el tope de reps con RIR>=2 y regla 24h OK, sube 2.5 kg en básicos/máquinas o +1 rep por serie; accesorios +1-2 reps antes de subir peso.","Recorrido limpio; si molesta, cambia a mancuernas o landmine."
7,D1 Push,Hipertrofia pecho/hombro + descarga tendón hombro/codo,"Pesada submáxima: baja reps, sin grinding",Accesorio controlado,Dips,3,8,,BW + 5 kg solo si codo/hombro 24h OK,RIR 2,3-1-2,2 min,Mantener patrón sin irritar tendón anterior/hombro,Dolor permitido 0-3/10 durante; debe quedar igual o mejor a las 24h. Si >3/10 o peor mañana: baja 10-20% carga/volumen y acorta ROM.,"Cuando completes el tope de reps con RIR>=2 y regla 24h OK, sube 2.5 kg en básicos/máquinas o +1 rep por serie; accesorios +1-2 reps antes de subir peso.",Prohibido fallo las primeras 7 semanas; profundidad solo hasta donde no moleste.
7,D1 Push,Hipertrofia pecho/hombro + descarga tendón hombro/codo,"Pesada submáxima: baja reps, sin grinding",Prehab,Rotación externa banda/cable,3,15-20,,ligero,RIR 4,2-1-2,45-60 s,Manguito rotador y estabilidad escapular,Dolor permitido 0-3/10 durante; debe quedar igual o mejor a las 24h. Si >3/10 o peor mañana: baja 10-20% carga/volumen y acorta ROM.,"Cuando completes el tope de reps con RIR>=2 y regla 24h OK, sube 2.5 kg en básicos/máquinas o +1 rep por serie; accesorios +1-2 reps antes de subir peso.","Que queme músculo, no tendón/articulación."
7,D2 Pull,Hipertrofia espalda/bíceps + tolerancia tendón codo,"Pesada submáxima: baja reps, sin grinding",Tendón/activación,Isométrico curl martillo a 90°,3-5,30-45 s,,moderado,dolor <=3/10,isométrico,60-90 s,Preparar tendón de bíceps/antebrazo,Dolor permitido 0-3/10 durante; debe quedar igual o mejor a las 24h. Si >3/10 o peor mañana: baja 10-20% carga/volumen y acorta ROM.,"Cuando completes el tope de reps con RIR>=2 y regla 24h OK, sube 2.5 kg en básicos/máquinas o +1 rep por serie; accesorios +1-2 reps antes de subir peso.","Muñeca neutra; si se irrita, cambia por agarre pronado."
7,D2 Pull,Hipertrofia espalda/bíceps + tolerancia tendón codo,"Pesada submáxima: baja reps, sin grinding",Principal,Supine pull-up / dominada supina,5,5,,BW + 15 kg,RIR 2,3-1-1,2-3 min,Mantener fuerza con menos estrés que tus +40 kg pesados,Dolor permitido 0-3/10 durante; debe quedar igual o mejor a las 24h. Si >3/10 o peor mañana: baja 10-20% carga/volumen y acorta ROM.,"Cuando completes el tope de reps con RIR>=2 y regla 24h OK, sube 2.5 kg en básicos/máquinas o +1 rep por serie; accesorios +1-2 reps antes de subir peso.","Pecho hacia barra, bajada lenta; no busques fallo."
7,D2 Pull,Hipertrofia espalda/bíceps + tolerancia tendón codo,"Pesada submáxima: baja reps, sin grinding",Principal accesorio,Gironda row,4,8-10,,58,RIR 2,3-1-2,2 min,Volumen de dorsales/romboides basado en 54x10,Dolor permitido 0-3/10 durante; debe quedar igual o mejor a las 24h. Si >3/10 o peor mañana: baja 10-20% carga/volumen y acorta ROM.,"Cuando completes el tope de reps con RIR>=2 y regla 24h OK, sube 2.5 kg en básicos/máquinas o +1 rep por serie; accesorios +1-2 reps antes de subir peso.",Pausa 1s contraído; evita tirones.
7,D2 Pull,Hipertrofia espalda/bíceps + tolerancia tendón codo,"Pesada submáxima: baja reps, sin grinding",Control escapular,Scap pull-ups,3,10-12,,BW,RIR 4,2-1-2,60-90 s,Técnica de dominada y descarga de codo,Dolor permitido 0-3/10 durante; debe quedar igual o mejor a las 24h. Si >3/10 o peor mañana: baja 10-20% carga/volumen y acorta ROM.,"Cuando completes el tope de reps con RIR>=2 y regla 24h OK, sube 2.5 kg en básicos/máquinas o +1 rep por serie; accesorios +1-2 reps antes de subir peso.","Solo movimiento escapular, brazos largos."
7,D2 Pull,Hipertrofia espalda/bíceps + tolerancia tendón codo,"Pesada submáxima: baja reps, sin grinding",Accesorio tendón,Hammer curl slow,2-3,12-15,,ligero-moderado,RIR 3-4,3-1-3,60-90 s,Carga lenta para tendón de codo/bíceps,Dolor permitido 0-3/10 durante; debe quedar igual o mejor a las 24h. Si >3/10 o peor mañana: baja 10-20% carga/volumen y acorta ROM.,"Cuando completes el tope de reps con RIR>=2 y regla 24h OK, sube 2.5 kg en básicos/máquinas o +1 rep por serie; accesorios +1-2 reps antes de subir peso.",Sube peso solo si no hay dolor al día siguiente.
7,D2 Pull,Hipertrofia espalda/bíceps + tolerancia tendón codo,"Pesada submáxima: baja reps, sin grinding",Prehab,Face pull / rear delt,3,15-20,,ligero,RIR 4,2-1-2,60 s,Salud de hombro y postura,Dolor permitido 0-3/10 durante; debe quedar igual o mejor a las 24h. Si >3/10 o peor mañana: baja 10-20% carga/volumen y acorta ROM.,"Cuando completes el tope de reps con RIR>=2 y regla 24h OK, sube 2.5 kg en básicos/máquinas o +1 rep por serie; accesorios +1-2 reps antes de subir peso.",Codos altos sin dolor.
7,D3 Legs,Hipertrofia pierna + tendón rodilla/isquio,"Pesada submáxima: baja reps, sin grinding",Tendón/activación,Spanish squat o extensión isométrica,5,30-45 s,,moderado,dolor <=3/10,isométrico,60-90 s,Tolerancia de tendón rotuliano/cuádriceps,Dolor permitido 0-3/10 durante; debe quedar igual o mejor a las 24h. Si >3/10 o peor mañana: baja 10-20% carga/volumen y acorta ROM.,"Cuando completes el tope de reps con RIR>=2 y regla 24h OK, sube 2.5 kg en básicos/máquinas o +1 rep por serie; accesorios +1-2 reps antes de subir peso.","Ángulo cómodo; debe sentirse cuádriceps, no dolor punzante."
7,D3 Legs,Hipertrofia pierna + tendón rodilla/isquio,"Pesada submáxima: baja reps, sin grinding",Principal,Squat libre,4,5,,100,RIR 2,3-1-1,2-4 min,Hipertrofia/fuerza basada en 100x7,Dolor permitido 0-3/10 durante; debe quedar igual o mejor a las 24h. Si >3/10 o peor mañana: baja 10-20% carga/volumen y acorta ROM.,"Cuando completes el tope de reps con RIR>=2 y regla 24h OK, sube 2.5 kg en básicos/máquinas o +1 rep por serie; accesorios +1-2 reps antes de subir peso.","No grinder; si la espalda baja molesta, cambia a hack de la fila siguiente."
7,D3 Legs,Hipertrofia pierna + tendón rodilla/isquio,"Pesada submáxima: baja reps, sin grinding",Alternativa si no hay squat,Hack squat,4,6-8,,110,RIR 2,3-1-2,2-3 min,Mismo objetivo con más estabilidad,Dolor permitido 0-3/10 durante; debe quedar igual o mejor a las 24h. Si >3/10 o peor mañana: baja 10-20% carga/volumen y acorta ROM.,"Cuando completes el tope de reps con RIR>=2 y regla 24h OK, sube 2.5 kg en básicos/máquinas o +1 rep por serie; accesorios +1-2 reps antes de subir peso.",Usa esta fila solo si ese día no haces squat libre.
7,D3 Legs,Hipertrofia pierna + tendón rodilla/isquio,"Pesada submáxima: baja reps, sin grinding",Accesorio,Isquio sentado,4,8-10,,50-55,RIR 2,3-1-2,90-120 s,Isquios y protección de rodilla,Dolor permitido 0-3/10 durante; debe quedar igual o mejor a las 24h. Si >3/10 o peor mañana: baja 10-20% carga/volumen y acorta ROM.,"Cuando completes el tope de reps con RIR>=2 y regla 24h OK, sube 2.5 kg en básicos/máquinas o +1 rep por serie; accesorios +1-2 reps antes de subir peso.",Pausa 1s abajo/contraído.
7,D3 Legs,Hipertrofia pierna + tendón rodilla/isquio,"Pesada submáxima: baja reps, sin grinding",Accesorio tendón,Extensión de cuadriceps slow,3,12-15,,ligero-moderado,RIR 3,3-1-3,90 s,HSR ligero/moderado para tendón de rodilla,Dolor permitido 0-3/10 durante; debe quedar igual o mejor a las 24h. Si >3/10 o peor mañana: baja 10-20% carga/volumen y acorta ROM.,"Cuando completes el tope de reps con RIR>=2 y regla 24h OK, sube 2.5 kg en básicos/máquinas o +1 rep por serie; accesorios +1-2 reps antes de subir peso.",Rango sin dolor; no bloquear agresivo.
7,D3 Legs,Hipertrofia pierna + tendón rodilla/isquio,"Pesada submáxima: baja reps, sin grinding",Accesorio,Pantorrilla de pie o prensa,4,12-15,,15-25 kg o 25 lb+,RIR 2-3,3-1-2,60-90 s,Tendón Aquiles/pantorrilla e hipertrofia,Dolor permitido 0-3/10 durante; debe quedar igual o mejor a las 24h. Si >3/10 o peor mañana: baja 10-20% carga/volumen y acorta ROM.,"Cuando completes el tope de reps con RIR>=2 y regla 24h OK, sube 2.5 kg en básicos/máquinas o +1 rep por serie; accesorios +1-2 reps antes de subir peso.",Sube por reps antes de subir carga.
7,D3 Legs,Hipertrofia pierna + tendón rodilla/isquio,"Pesada submáxima: baja reps, sin grinding",Core,Plancha / dead bug,3,30-45 s,,BW,controlado,controlado,60 s,Estabilidad para sentadilla,Dolor permitido 0-3/10 durante; debe quedar igual o mejor a las 24h. Si >3/10 o peor mañana: baja 10-20% carga/volumen y acorta ROM.,"Cuando completes el tope de reps con RIR>=2 y regla 24h OK, sube 2.5 kg en básicos/máquinas o +1 rep por serie; accesorios +1-2 reps antes de subir peso.",Sin dolor lumbar.
7,D4 Skill/Shoulder,Skill hombro + hipertrofia ligera + recuperación tendinosa,"Pesada submáxima: baja reps, sin grinding",Skill controlado,Handstand lean,6,20-25 s,,BW,técnico,controlado,60-90 s,Tolerancia de muñeca/hombro sin fatiga excesiva,Dolor permitido 0-3/10 durante; debe quedar igual o mejor a las 24h. Si >3/10 o peor mañana: baja 10-20% carga/volumen y acorta ROM.,"Cuando completes el tope de reps con RIR>=2 y regla 24h OK, sube 2.5 kg en básicos/máquinas o +1 rep por serie; accesorios +1-2 reps antes de subir peso.",Corta serie antes de perder posición.
7,D4 Skill/Shoulder,Skill hombro + hipertrofia ligera + recuperación tendinosa,"Pesada submáxima: baja reps, sin grinding",Skill excéntrico,Negative lean,4,7,,BW,RIR 2,5 s negativa,60-90 s,Control excéntrico hombro/escápula,Dolor permitido 0-3/10 durante; debe quedar igual o mejor a las 24h. Si >3/10 o peor mañana: baja 10-20% carga/volumen y acorta ROM.,"Cuando completes el tope de reps con RIR>=2 y regla 24h OK, sube 2.5 kg en básicos/máquinas o +1 rep por serie; accesorios +1-2 reps antes de subir peso.",Bajada de 5s; cero rebotes.
7,D4 Skill/Shoulder,Skill hombro + hipertrofia ligera + recuperación tendinosa,"Pesada submáxima: baja reps, sin grinding",Técnica,Muscle-up en anillas - práctica,6,2 reps técnicas,,banda si hace falta,RIR 2-3,controlado,2-3 min,Mantener habilidad sin irritar codo/hombro,Dolor permitido 0-3/10 durante; debe quedar igual o mejor a las 24h. Si >3/10 o peor mañana: baja 10-20% carga/volumen y acorta ROM.,"Cuando completes el tope de reps con RIR>=2 y regla 24h OK, sube 2.5 kg en básicos/máquinas o +1 rep por serie; accesorios +1-2 reps antes de subir peso.","No fallo. Si sientes tendón, cambia por transición en anillas bajas."
7,D4 Skill/Shoulder,Skill hombro + hipertrofia ligera + recuperación tendinosa,"Pesada submáxima: baja reps, sin grinding",Accesorio,Shoulder press ligero,3,8,,36,RIR 2,3-1-2,90-120 s,Volumen técnico adicional de hombro,Dolor permitido 0-3/10 durante; debe quedar igual o mejor a las 24h. Si >3/10 o peor mañana: baja 10-20% carga/volumen y acorta ROM.,"Cuando completes el tope de reps con RIR>=2 y regla 24h OK, sube 2.5 kg en básicos/máquinas o +1 rep por serie; accesorios +1-2 reps antes de subir peso.",Debe sentirse fácil y limpio.
7,D4 Skill/Shoulder,Skill hombro + hipertrofia ligera + recuperación tendinosa,"Pesada submáxima: baja reps, sin grinding",Accesorio,Elevación lateral,3,15-20,,ligero,RIR 3-4,2-1-2,60 s,Hipertrofia deltoide sin mucho estrés articular,Dolor permitido 0-3/10 durante; debe quedar igual o mejor a las 24h. Si >3/10 o peor mañana: baja 10-20% carga/volumen y acorta ROM.,"Cuando completes el tope de reps con RIR>=2 y regla 24h OK, sube 2.5 kg en básicos/máquinas o +1 rep por serie; accesorios +1-2 reps antes de subir peso.",No balancear.
7,D4 Skill/Shoulder,Skill hombro + hipertrofia ligera + recuperación tendinosa,"Pesada submáxima: baja reps, sin grinding",Prehab,YTWL / trap 3 raise,2-3,12-15,,muy ligero,RIR 4,2-1-2,45-60 s,Escápula y manguito rotador,Dolor permitido 0-3/10 durante; debe quedar igual o mejor a las 24h. Si >3/10 o peor mañana: baja 10-20% carga/volumen y acorta ROM.,"Cuando completes el tope de reps con RIR>=2 y regla 24h OK, sube 2.5 kg en básicos/máquinas o +1 rep por serie; accesorios +1-2 reps antes de subir peso.",Calidad > peso.
8,D1 Push,Hipertrofia pecho/hombro + descarga tendón hombro/codo,Consolidación/test técnico: AMRAP solo con RIR 1-2,Tendón/activación,"Isométrico empuje mid-range (pared o barra, sin dolor)",3-5,30-45 s,,40-60% esfuerzo,dolor <=3/10,isométrico,60-90 s,Analgesia y tolerancia de tendón antes de empujar,Dolor permitido 0-3/10 durante; debe quedar igual o mejor a las 24h. Si >3/10 o peor mañana: baja 10-20% carga/volumen y acorta ROM.,"Cuando completes el tope de reps con RIR>=2 y regla 24h OK, sube 2.5 kg en básicos/máquinas o +1 rep por serie; accesorios +1-2 reps antes de subir peso.",Codo/hombro en posición cómoda; no busques temblor máximo.
8,D1 Push,Hipertrofia pecho/hombro + descarga tendón hombro/codo,Consolidación/test técnico: AMRAP solo con RIR 1-2,Principal,Incline bench press,3,8-10,,67.5-70,RIR 1-2,3-1-1,2-3 min,Hipertrofia y fuerza submáxima basada en 70x10/80x5,Dolor permitido 0-3/10 durante; debe quedar igual o mejor a las 24h. Si >3/10 o peor mañana: baja 10-20% carga/volumen y acorta ROM.,"Cuando completes el tope de reps con RIR>=2 y regla 24h OK, sube 2.5 kg en básicos/máquinas o +1 rep por serie; accesorios +1-2 reps antes de subir peso.","No fallo; barra siempre rápida. Si hombro se siente raro, usa agarre un poco más cerrado."
8,D1 Push,Hipertrofia pecho/hombro + descarga tendón hombro/codo,Consolidación/test técnico: AMRAP solo con RIR 1-2,Accesorio,Peck deck,3,12,,60,RIR 2,3-1-2,90-120 s,Volumen de pecho con baja demanda técnica,Dolor permitido 0-3/10 durante; debe quedar igual o mejor a las 24h. Si >3/10 o peor mañana: baja 10-20% carga/volumen y acorta ROM.,"Cuando completes el tope de reps con RIR>=2 y regla 24h OK, sube 2.5 kg en básicos/máquinas o +1 rep por serie; accesorios +1-2 reps antes de subir peso.",Mantén escápulas fijas; no estires agresivo abajo.
8,D1 Push,Hipertrofia pecho/hombro + descarga tendón hombro/codo,Consolidación/test técnico: AMRAP solo con RIR 1-2,Accesorio,Shoulder press,3,10,,34-36,RIR 2,3-1-2,2 min,Deltoide/press sin llegar al límite,Dolor permitido 0-3/10 durante; debe quedar igual o mejor a las 24h. Si >3/10 o peor mañana: baja 10-20% carga/volumen y acorta ROM.,"Cuando completes el tope de reps con RIR>=2 y regla 24h OK, sube 2.5 kg en básicos/máquinas o +1 rep por serie; accesorios +1-2 reps antes de subir peso.","Recorrido limpio; si molesta, cambia a mancuernas o landmine."
8,D1 Push,Hipertrofia pecho/hombro + descarga tendón hombro/codo,Consolidación/test técnico: AMRAP solo con RIR 1-2,Accesorio controlado,Dips,2,AMRAP dejando 2 reps,,BW,RIR 2,2-1-2,2 min,Mantener patrón sin irritar tendón anterior/hombro,Dolor permitido 0-3/10 durante; debe quedar igual o mejor a las 24h. Si >3/10 o peor mañana: baja 10-20% carga/volumen y acorta ROM.,"Cuando completes el tope de reps con RIR>=2 y regla 24h OK, sube 2.5 kg en básicos/máquinas o +1 rep por serie; accesorios +1-2 reps antes de subir peso.",Prohibido fallo las primeras 7 semanas; profundidad solo hasta donde no moleste.
8,D1 Push,Hipertrofia pecho/hombro + descarga tendón hombro/codo,Consolidación/test técnico: AMRAP solo con RIR 1-2,Prehab,Rotación externa banda/cable,3,15-20,,ligero,RIR 4,2-1-2,45-60 s,Manguito rotador y estabilidad escapular,Dolor permitido 0-3/10 durante; debe quedar igual o mejor a las 24h. Si >3/10 o peor mañana: baja 10-20% carga/volumen y acorta ROM.,"Cuando completes el tope de reps con RIR>=2 y regla 24h OK, sube 2.5 kg en básicos/máquinas o +1 rep por serie; accesorios +1-2 reps antes de subir peso.","Que queme músculo, no tendón/articulación."
8,D2 Pull,Hipertrofia espalda/bíceps + tolerancia tendón codo,Consolidación/test técnico: AMRAP solo con RIR 1-2,Tendón/activación,Isométrico curl martillo a 90°,3-5,30-45 s,,moderado,dolor <=3/10,isométrico,60-90 s,Preparar tendón de bíceps/antebrazo,Dolor permitido 0-3/10 durante; debe quedar igual o mejor a las 24h. Si >3/10 o peor mañana: baja 10-20% carga/volumen y acorta ROM.,"Cuando completes el tope de reps con RIR>=2 y regla 24h OK, sube 2.5 kg en básicos/máquinas o +1 rep por serie; accesorios +1-2 reps antes de subir peso.","Muñeca neutra; si se irrita, cambia por agarre pronado."
8,D2 Pull,Hipertrofia espalda/bíceps + tolerancia tendón codo,Consolidación/test técnico: AMRAP solo con RIR 1-2,Principal,Supine pull-up / dominada supina,3,8,,BW + 5 kg,RIR 2,3-1-2,2-3 min,Mantener fuerza con menos estrés que tus +40 kg pesados,Dolor permitido 0-3/10 durante; debe quedar igual o mejor a las 24h. Si >3/10 o peor mañana: baja 10-20% carga/volumen y acorta ROM.,"Cuando completes el tope de reps con RIR>=2 y regla 24h OK, sube 2.5 kg en básicos/máquinas o +1 rep por serie; accesorios +1-2 reps antes de subir peso.","Pecho hacia barra, bajada lenta; no busques fallo."
8,D2 Pull,Hipertrofia espalda/bíceps + tolerancia tendón codo,Consolidación/test técnico: AMRAP solo con RIR 1-2,Principal accesorio,Gironda row,3,12,,52-54,RIR 2,3-1-2,2 min,Volumen de dorsales/romboides basado en 54x10,Dolor permitido 0-3/10 durante; debe quedar igual o mejor a las 24h. Si >3/10 o peor mañana: baja 10-20% carga/volumen y acorta ROM.,"Cuando completes el tope de reps con RIR>=2 y regla 24h OK, sube 2.5 kg en básicos/máquinas o +1 rep por serie; accesorios +1-2 reps antes de subir peso.",Pausa 1s contraído; evita tirones.
8,D2 Pull,Hipertrofia espalda/bíceps + tolerancia tendón codo,Consolidación/test técnico: AMRAP solo con RIR 1-2,Control escapular,Scap pull-ups,3,10-12,,BW,RIR 4,2-1-2,60-90 s,Técnica de dominada y descarga de codo,Dolor permitido 0-3/10 durante; debe quedar igual o mejor a las 24h. Si >3/10 o peor mañana: baja 10-20% carga/volumen y acorta ROM.,"Cuando completes el tope de reps con RIR>=2 y regla 24h OK, sube 2.5 kg en básicos/máquinas o +1 rep por serie; accesorios +1-2 reps antes de subir peso.","Solo movimiento escapular, brazos largos."
8,D2 Pull,Hipertrofia espalda/bíceps + tolerancia tendón codo,Consolidación/test técnico: AMRAP solo con RIR 1-2,Accesorio tendón,Hammer curl slow,2-3,12-15,,ligero-moderado,RIR 3-4,3-1-3,60-90 s,Carga lenta para tendón de codo/bíceps,Dolor permitido 0-3/10 durante; debe quedar igual o mejor a las 24h. Si >3/10 o peor mañana: baja 10-20% carga/volumen y acorta ROM.,"Cuando completes el tope de reps con RIR>=2 y regla 24h OK, sube 2.5 kg en básicos/máquinas o +1 rep por serie; accesorios +1-2 reps antes de subir peso.",Sube peso solo si no hay dolor al día siguiente.
8,D2 Pull,Hipertrofia espalda/bíceps + tolerancia tendón codo,Consolidación/test técnico: AMRAP solo con RIR 1-2,Prehab,Face pull / rear delt,3,15-20,,ligero,RIR 4,2-1-2,60 s,Salud de hombro y postura,Dolor permitido 0-3/10 durante; debe quedar igual o mejor a las 24h. Si >3/10 o peor mañana: baja 10-20% carga/volumen y acorta ROM.,"Cuando completes el tope de reps con RIR>=2 y regla 24h OK, sube 2.5 kg en básicos/máquinas o +1 rep por serie; accesorios +1-2 reps antes de subir peso.",Codos altos sin dolor.
8,D3 Legs,Hipertrofia pierna + tendón rodilla/isquio,Consolidación/test técnico: AMRAP solo con RIR 1-2,Tendón/activación,Spanish squat o extensión isométrica,5,30-45 s,,moderado,dolor <=3/10,isométrico,60-90 s,Tolerancia de tendón rotuliano/cuádriceps,Dolor permitido 0-3/10 durante; debe quedar igual o mejor a las 24h. Si >3/10 o peor mañana: baja 10-20% carga/volumen y acorta ROM.,"Cuando completes el tope de reps con RIR>=2 y regla 24h OK, sube 2.5 kg en básicos/máquinas o +1 rep por serie; accesorios +1-2 reps antes de subir peso.","Ángulo cómodo; debe sentirse cuádriceps, no dolor punzante."
8,D3 Legs,Hipertrofia pierna + tendón rodilla/isquio,Consolidación/test técnico: AMRAP solo con RIR 1-2,Principal,Squat libre,3,8,,85-90,RIR 2,3-1-2,2-4 min,Hipertrofia/fuerza basada en 100x7,Dolor permitido 0-3/10 durante; debe quedar igual o mejor a las 24h. Si >3/10 o peor mañana: baja 10-20% carga/volumen y acorta ROM.,"Cuando completes el tope de reps con RIR>=2 y regla 24h OK, sube 2.5 kg en básicos/máquinas o +1 rep por serie; accesorios +1-2 reps antes de subir peso.","No grinder; si la espalda baja molesta, cambia a hack de la fila siguiente."
8,D3 Legs,Hipertrofia pierna + tendón rodilla/isquio,Consolidación/test técnico: AMRAP solo con RIR 1-2,Alternativa si no hay squat,Hack squat,3,10,,95-100,RIR 2,3-1-2,2-3 min,Mismo objetivo con más estabilidad,Dolor permitido 0-3/10 durante; debe quedar igual o mejor a las 24h. Si >3/10 o peor mañana: baja 10-20% carga/volumen y acorta ROM.,"Cuando completes el tope de reps con RIR>=2 y regla 24h OK, sube 2.5 kg en básicos/máquinas o +1 rep por serie; accesorios +1-2 reps antes de subir peso.",Usa esta fila solo si ese día no haces squat libre.
8,D3 Legs,Hipertrofia pierna + tendón rodilla/isquio,Consolidación/test técnico: AMRAP solo con RIR 1-2,Accesorio,Isquio sentado,3,12,,45,RIR 2,3-1-2,90-120 s,Isquios y protección de rodilla,Dolor permitido 0-3/10 durante; debe quedar igual o mejor a las 24h. Si >3/10 o peor mañana: baja 10-20% carga/volumen y acorta ROM.,"Cuando completes el tope de reps con RIR>=2 y regla 24h OK, sube 2.5 kg en básicos/máquinas o +1 rep por serie; accesorios +1-2 reps antes de subir peso.",Pausa 1s abajo/contraído.
8,D3 Legs,Hipertrofia pierna + tendón rodilla/isquio,Consolidación/test técnico: AMRAP solo con RIR 1-2,Accesorio tendón,Extensión de cuadriceps slow,3,12-15,,ligero-moderado,RIR 3,3-1-3,90 s,HSR ligero/moderado para tendón de rodilla,Dolor permitido 0-3/10 durante; debe quedar igual o mejor a las 24h. Si >3/10 o peor mañana: baja 10-20% carga/volumen y acorta ROM.,"Cuando completes el tope de reps con RIR>=2 y regla 24h OK, sube 2.5 kg en básicos/máquinas o +1 rep por serie; accesorios +1-2 reps antes de subir peso.",Rango sin dolor; no bloquear agresivo.
8,D3 Legs,Hipertrofia pierna + tendón rodilla/isquio,Consolidación/test técnico: AMRAP solo con RIR 1-2,Accesorio,Pantorrilla de pie o prensa,4,12-15,,15-25 kg o 25 lb+,RIR 2-3,3-1-2,60-90 s,Tendón Aquiles/pantorrilla e hipertrofia,Dolor permitido 0-3/10 durante; debe quedar igual o mejor a las 24h. Si >3/10 o peor mañana: baja 10-20% carga/volumen y acorta ROM.,"Cuando completes el tope de reps con RIR>=2 y regla 24h OK, sube 2.5 kg en básicos/máquinas o +1 rep por serie; accesorios +1-2 reps antes de subir peso.",Sube por reps antes de subir carga.
8,D3 Legs,Hipertrofia pierna + tendón rodilla/isquio,Consolidación/test técnico: AMRAP solo con RIR 1-2,Core,Plancha / dead bug,3,30-45 s,,BW,controlado,controlado,60 s,Estabilidad para sentadilla,Dolor permitido 0-3/10 durante; debe quedar igual o mejor a las 24h. Si >3/10 o peor mañana: baja 10-20% carga/volumen y acorta ROM.,"Cuando completes el tope de reps con RIR>=2 y regla 24h OK, sube 2.5 kg en básicos/máquinas o +1 rep por serie; accesorios +1-2 reps antes de subir peso.",Sin dolor lumbar.
8,D4 Skill/Shoulder,Skill hombro + hipertrofia ligera + recuperación tendinosa,Consolidación/test técnico: AMRAP solo con RIR 1-2,Skill controlado,Handstand lean,4,20 s,,BW,técnico,controlado,60-90 s,Tolerancia de muñeca/hombro sin fatiga excesiva,Dolor permitido 0-3/10 durante; debe quedar igual o mejor a las 24h. Si >3/10 o peor mañana: baja 10-20% carga/volumen y acorta ROM.,"Cuando completes el tope de reps con RIR>=2 y regla 24h OK, sube 2.5 kg en básicos/máquinas o +1 rep por serie; accesorios +1-2 reps antes de subir peso.",Corta serie antes de perder posición.
8,D4 Skill/Shoulder,Skill hombro + hipertrofia ligera + recuperación tendinosa,Consolidación/test técnico: AMRAP solo con RIR 1-2,Skill excéntrico,Negative lean,3,8,,BW,RIR 2,5 s negativa,60-90 s,Control excéntrico hombro/escápula,Dolor permitido 0-3/10 durante; debe quedar igual o mejor a las 24h. Si >3/10 o peor mañana: baja 10-20% carga/volumen y acorta ROM.,"Cuando completes el tope de reps con RIR>=2 y regla 24h OK, sube 2.5 kg en básicos/máquinas o +1 rep por serie; accesorios +1-2 reps antes de subir peso.",Bajada de 5s; cero rebotes.
8,D4 Skill/Shoulder,Skill hombro + hipertrofia ligera + recuperación tendinosa,Consolidación/test técnico: AMRAP solo con RIR 1-2,Técnica,Muscle-up en anillas - práctica,3,"1-3 reps, sin fallo",,libre si todo 24h OK,RIR 1-2,controlado,2-3 min,Mantener habilidad sin irritar codo/hombro,Dolor permitido 0-3/10 durante; debe quedar igual o mejor a las 24h. Si >3/10 o peor mañana: baja 10-20% carga/volumen y acorta ROM.,"Cuando completes el tope de reps con RIR>=2 y regla 24h OK, sube 2.5 kg en básicos/máquinas o +1 rep por serie; accesorios +1-2 reps antes de subir peso.","No fallo. Si sientes tendón, cambia por transición en anillas bajas."
8,D4 Skill/Shoulder,Skill hombro + hipertrofia ligera + recuperación tendinosa,Consolidación/test técnico: AMRAP solo con RIR 1-2,Accesorio,Shoulder press ligero,2,12,,30,RIR 3,3-1-2,90-120 s,Volumen técnico adicional de hombro,Dolor permitido 0-3/10 durante; debe quedar igual o mejor a las 24h. Si >3/10 o peor mañana: baja 10-20% carga/volumen y acorta ROM.,"Cuando completes el tope de reps con RIR>=2 y regla 24h OK, sube 2.5 kg en básicos/máquinas o +1 rep por serie; accesorios +1-2 reps antes de subir peso.",Debe sentirse fácil y limpio.
8,D4 Skill/Shoulder,Skill hombro + hipertrofia ligera + recuperación tendinosa,Consolidación/test técnico: AMRAP solo con RIR 1-2,Accesorio,Elevación lateral,3,15-20,,ligero,RIR 3-4,2-1-2,60 s,Hipertrofia deltoide sin mucho estrés articular,Dolor permitido 0-3/10 durante; debe quedar igual o mejor a las 24h. Si >3/10 o peor mañana: baja 10-20% carga/volumen y acorta ROM.,"Cuando completes el tope de reps con RIR>=2 y regla 24h OK, sube 2.5 kg en básicos/máquinas o +1 rep por serie; accesorios +1-2 reps antes de subir peso.",No balancear.
8,D4 Skill/Shoulder,Skill hombro + hipertrofia ligera + recuperación tendinosa,Consolidación/test técnico: AMRAP solo con RIR 1-2,Prehab,YTWL / trap 3 raise,2-3,12-15,,muy ligero,RIR 4,2-1-2,45-60 s,Escápula y manguito rotador,Dolor permitido 0-3/10 durante; debe quedar igual o mejor a las 24h. Si >3/10 o peor mañana: baja 10-20% carga/volumen y acorta ROM.,"Cuando completes el tope de reps con RIR>=2 y regla 24h OK, sube 2.5 kg en básicos/máquinas o +1 rep por serie; accesorios +1-2 reps antes de subir peso.",Calidad > peso.